item_id,item_order_count,avg_price,popularity_rank
1,39,301.6666666666667,375.0
2,37,438.7837837837838,377.0
3,38,382.7631578947368,376.0
4,103,294.5833333333333,311.0
5,107,478.1775700934579,307.0
6,166,434.3452380952381,248.0
7,242,298.5826771653543,172.0
8,40,344.125,374.0
9,136,162.5886524822695,278.0
10,127,236.10687022900763,287.0
11,275,221.16161616161617,139.0
12,135,497.536231884058,279.0
13,125,474.0079365079365,289.0
14,113,515.695652173913,301.0
15,115,444.05982905982904,299.0
16,125,154.92125984251967,289.0
17,124,484.4140625,290.0
18,196,250.07462686567163,218.0
19,218,454.38034188034186,196.0
20,174,327.39130434782606,240.0
21,167,483.48214285714283,247.0
22,50,669.9,364.0
23,217,462.1621621621622,197.0
24,200,532.8921568627451,214.0
25,50,478.0,364.0
26,199,255.0,215.0
27,146,246.4189189189189,268.0
28,164,257.79761904761904,250.0
29,53,503.9622641509434,361.0
30,50,594.3,364.0
31,162,169.15151515151516,252.0
32,52,575.0,362.0
33,378,294.1966426858513,62.0
34,207,587.2222222222222,207.0
35,259,230.84586466165413,155.0
36,222,645.8590308370044,192.0
37,151,507.4671052631579,263.0
38,234,667.6041666666666,180.0
39,250,435.05836575875486,164.0
40,37,278.7837837837838,377.0
41,96,498.28125,318.0
42,104,323.49056603773585,310.0
43,103,451.2857142857143,311.0
44,221,401.4782608695652,193.0
45,135,191.8661971830986,279.0
46,212,285.6279069767442,202.0
47,128,191.6044776119403,286.0
48,142,569.3288590604027,272.0
49,34,431.61764705882354,380.0
50,153,437.7922077922078,261.0
51,97,184.65686274509804,317.0
52,119,562.439024390244,295.0
53,111,455.9375,303.0
54,135,568.8405797101449,279.0
55,29,332.2413793103448,385.0
56,50,167.3,364.0
57,151,479.5806451612903,263.0
58,92,198.75,322.0
59,190,176.3659793814433,224.0
60,177,585.9322033898305,237.0
61,103,376.41509433962267,311.0
62,31,501.93548387096774,383.0
63,179,195.75675675675674,235.0
64,189,551.5228426395939,225.0
65,116,201.42857142857142,298.0
66,36,253.33333333333334,378.0
67,119,563.8524590163935,295.0
68,106,389.3119266055046,308.0
69,156,247.87974683544303,258.0
70,172,222.20338983050848,242.0
71,38,535.2631578947369,376.0
72,115,163.51694915254237,299.0
73,91,589.6276595744681,323.0
74,240,581.5139442231076,174.0
75,105,170.1851851851852,309.0
76,183,168.35106382978722,231.0
77,105,536.1946902654868,309.0
78,105,316.27358490566036,309.0
79,156,187.46835443037975,258.0
80,118,254.04166666666666,296.0
81,224,375.327868852459,190.0
82,128,545.5769230769231,286.0
83,200,466.1463414634146,214.0
84,38,412.63157894736844,376.0
85,107,165.2803738317757,307.0
86,121,330.7142857142857,293.0
87,206,390.14150943396226,208.0
88,83,516.0240963855422,331.0
89,71,477.9577464788732,343.0
90,27,155.37037037037038,387.0
91,199,521.9471153846154,215.0
92,80,440.875,334.0
93,78,165.8860759493671,336.0
94,105,166.17924528301887,309.0
95,78,246.73076923076923,336.0
96,193,520.1507537688442,221.0
97,75,370.84415584415586,339.0
98,86,278.5632183908046,328.0
99,30,371.1666666666667,384.0
100,215,231.5418502202643,199.0
101,100,473.35,314.0
102,187,512.4083769633507,227.0
103,26,355.1923076923077,388.0
104,214,197.7578475336323,200.0
105,100,376.2135922330097,314.0
106,190,368.5416666666667,224.0
107,98,368.3673469387755,316.0
108,40,168.0,374.0
109,224,550.921052631579,190.0
110,79,311.2025316455696,335.0
111,40,318.0,374.0
112,161,229.06626506024097,253.0
113,191,197.95336787564767,223.0
114,74,535.6,340.0
115,162,385.96385542168673,252.0
116,68,174.77941176470588,346.0
117,43,535.4651162790698,371.0
118,188,290.44736842105266,226.0
119,39,435.8974358974359,375.0
120,242,478.15589353612165,172.0
121,50,327.94117647058823,364.0
122,173,484.52513966480444,241.0
123,184,419.25531914893617,230.0
124,59,344.49152542372883,355.0
125,301,518.1918238993711,114.0
126,61,283.0327868852459,353.0
127,223,559.1739130434783,191.0
128,266,249.77859778597787,148.0
129,188,210.88541666666666,226.0
130,195,571.243654822335,219.0
131,55,161.60714285714286,359.0
132,326,534.0265486725664,94.0
133,156,213.00632911392404,258.0
134,296,428.77450980392155,119.0
135,44,193.75,370.0
136,199,382.4009900990099,215.0
137,188,146.80851063829786,226.0
138,287,166.51724137931035,128.0
139,161,286.16766467065867,253.0
140,53,375.0,361.0
141,280,458.8612099644128,135.0
142,206,435.5399061032864,208.0
143,347,451.9088319088319,83.0
144,266,494.2418772563177,148.0
145,208,430.45023696682466,206.0
146,327,165.53254437869822,93.0
147,333,381.59824046920824,89.0
148,301,374.10299003322257,114.0
149,281,532.7622377622378,134.0
150,224,537.6106194690266,190.0
151,263,450.8955223880597,151.0
152,68,591.3768115942029,346.0
153,233,230.73221757322176,181.0
154,402,314.79857819905214,45.0
155,230,330.14830508474574,184.0
156,220,232.6,194.0
157,71,271.1267605633803,343.0
158,72,331.64383561643837,342.0
159,262,579.1449814126394,152.0
160,190,355.4896907216495,224.0
161,309,626.2621359223301,107.0
162,251,440.1953125,163.0
163,469,460.58882235528944,24.0
164,204,262.46445497630333,210.0
165,214,575.4566210045662,200.0
166,226,292.32758620689657,188.0
167,223,392.02222222222224,191.0
168,440,197.1263157894737,34.0
169,309,436.62939297124603,107.0
170,77,187.46753246753246,337.0
171,229,517.3290598290598,185.0
172,223,386.8831168831169,191.0
173,68,218.6764705882353,346.0
174,85,277.47058823529414,329.0
175,233,333.50622406639,181.0
176,233,628.5805084745763,181.0
177,233,389.22594142259413,181.0
178,305,397.9260450160772,111.0
179,225,349.2324561403509,189.0
180,74,536.8243243243244,340.0
181,137,497.32394366197184,277.0
182,143,219.44444444444446,271.0
183,162,215.54545454545453,252.0
184,151,212.51612903225808,263.0
185,149,193.1045751633987,265.0
186,36,357.3611111111111,378.0
187,251,250.92198581560282,163.0
188,151,468.61842105263156,263.0
189,134,223.69565217391303,280.0
190,33,562.8787878787879,381.0
191,43,376.51162790697674,371.0
192,36,271.52777777777777,378.0
193,142,207.0748299319728,272.0
194,155,513.8291139240506,259.0
195,225,428.70212765957444,189.0
196,46,424.5652173913044,368.0
197,141,342.9225352112676,273.0
198,40,468.625,374.0
199,280,218.01666666666668,135.0
200,159,366.90909090909093,255.0
201,378,147.80361757105942,62.0
202,135,227.74074074074073,279.0
203,44,564.5454545454545,370.0
204,114,487.39130434782606,300.0
205,272,526.4035087719299,142.0
206,44,271.8181818181818,370.0
207,114,593.3913043478261,300.0
208,107,598.0841121495328,307.0
209,426,196.60297239915073,36.0
210,98,436.9387755102041,316.0
211,86,246.45348837209303,328.0
212,116,355.8189655172414,298.0
213,91,335.5851063829787,323.0
214,112,175.6578947368421,302.0
215,121,187.2265625,293.0
216,227,167.88135593220338,187.0
217,114,371.25,300.0
218,114,225.2991452991453,300.0
219,100,404.70588235294116,314.0
220,103,209.9056603773585,311.0
221,136,659.3795620437957,278.0
222,122,640.2845528455284,292.0
223,259,307.6714801444043,155.0
224,147,323.46666666666664,267.0
225,36,660.8333333333334,378.0
226,44,594.6590909090909,370.0
227,143,582.2068965517242,271.0
228,163,482.03592814371257,251.0
229,220,375.29787234042556,194.0
230,154,611.3782051282051,260.0
231,245,648.7078651685393,169.0
232,156,510.4968944099379,258.0
233,130,629.5454545454545,284.0
234,139,542.0629370629371,275.0
235,168,308.4393063583815,246.0
236,30,537.3333333333334,384.0
237,155,430.9872611464968,259.0
238,39,608.8461538461538,375.0
239,45,494.77777777777777,369.0
240,35,274.0,379.0
241,283,569.4407894736842,132.0
242,134,165.0,280.0
243,265,613.4330985915493,149.0
244,268,548.2545454545455,146.0
245,43,479.06976744186045,371.0
246,130,282.53731343283584,284.0
247,134,170.36496350364965,280.0
248,38,272.7631578947368,376.0
249,131,200.03787878787878,283.0
250,128,398.84615384615387,286.0
251,48,390.3125,366.0
252,113,306.2173913043478,301.0
253,47,627.5531914893617,367.0
254,47,394.1489361702128,367.0
255,251,359.70703125,163.0
256,161,166.8562874251497,253.0
257,146,305.3333333333333,268.0
258,35,567.7142857142857,379.0
259,136,208.0281690140845,278.0
260,231,239.12,183.0
261,158,646.4240506329114,256.0
262,105,205.70754716981133,309.0
263,117,169.625,297.0
264,186,671.0106382978723,228.0
265,294,381.9230769230769,121.0
266,244,431.78988326848247,170.0
267,123,571.0975609756098,291.0
268,251,670.2745098039215,163.0
269,113,531.2719298245614,301.0
270,108,257.02702702702703,306.0
271,38,279.86842105263156,376.0
272,46,438.72340425531917,368.0
273,221,261.431718061674,193.0
274,35,170.42857142857142,379.0
275,89,213.04347826086956,325.0
276,50,176.5,364.0
277,198,580.960591133005,216.0
278,118,254.4672131147541,296.0
279,95,568.4375,319.0
280,229,555.4291845493563,185.0
281,134,208.74100719424462,280.0
282,125,212.7906976744186,289.0
283,254,496.0634328358209,160.0
284,142,442.8965517241379,272.0
285,43,251.62790697674419,371.0
286,271,413.8095238095238,143.0
287,132,472.10526315789474,282.0
288,129,187.4436090225564,285.0
289,38,181.8421052631579,376.0
290,123,469.6341463414634,291.0
291,46,173.80434782608697,368.0
292,120,512.9098360655738,294.0
293,138,288.1818181818182,276.0
294,347,184.0625,83.0
295,46,491.5217391304348,368.0
296,45,150.33333333333334,369.0
297,122,226.64,292.0
298,124,482.77777777777777,290.0
299,144,186.11111111111111,270.0
300,275,481.40939597315435,139.0
301,126,602.4803149606299,288.0
302,36,246.11111111111111,378.0
303,220,233.36170212765958,194.0
304,230,306.6463414634146,184.0
305,163,670.670731707317,251.0
306,109,600.9459459459459,305.0
307,148,446.3486842105263,266.0
308,135,336.037037037037,279.0
309,46,441.95652173913044,368.0
310,36,673.6111111111111,378.0
311,221,309.2825112107623,193.0
312,126,278.9763779527559,288.0
313,30,600.3333333333334,384.0
314,35,593.5714285714286,379.0
315,223,655.195652173913,191.0
316,41,555.0,373.0
317,249,281.01851851851853,165.0
318,218,386.27232142857144,196.0
319,48,643.125,366.0
320,138,646.8085106382979,276.0
321,65,551.3846153846154,349.0
322,187,429.73821989528795,227.0
323,77,565.5844155844156,337.0
324,235,507.995867768595,179.0
325,399,145.80188679245282,47.0
326,223,500.0877192982456,191.0
327,210,446.2616822429907,204.0
328,208,322.35714285714283,206.0
329,412,438.10185185185185,40.0
330,232,408.6228813559322,182.0
331,223,200.84782608695653,191.0
332,74,415.5405405405405,340.0
333,371,501.38539042821156,66.0
334,223,406.04347826086956,191.0
335,243,242.78455284552845,171.0
336,65,507.0769230769231,349.0
337,211,257.97235023041475,203.0
338,187,522.8947368421053,227.0
339,217,290.7142857142857,197.0
340,187,341.2631578947368,227.0
341,127,491.40625,287.0
342,136,543.6013986013986,278.0
343,130,410.18382352941177,284.0
344,138,648.0357142857143,276.0
345,118,630.9166666666666,296.0
346,128,364.20454545454544,286.0
347,250,655.6343283582089,164.0
348,119,289.0833333333333,295.0
349,35,273.42857142857144,379.0
350,140,282.0979020979021,274.0
351,161,652.8443113772455,253.0
352,130,496.25,284.0
353,54,592.5,360.0
354,139,431.15384615384613,275.0
355,33,642.8787878787879,381.0
356,157,574.0251572327044,257.0
357,221,500.26200873362444,193.0
358,227,611.198347107438,187.0
359,43,388.95348837209303,371.0
360,140,433.29787234042556,274.0
361,201,573.8970588235294,213.0
362,95,352.57894736842104,319.0
363,295,566.078125,120.0
364,83,200.47058823529412,331.0
365,226,580.974025974026,188.0
366,61,217.29508196721312,353.0
367,103,549.3396226415094,311.0
368,86,479.2613636363636,328.0
369,183,437.85714285714283,231.0
370,86,475.0568181818182,328.0
371,47,564.5744680851063,367.0
372,43,331.04651162790697,371.0
373,106,329.1666666666667,308.0
374,97,262.2959183673469,317.0
375,44,516.5909090909091,370.0
376,208,547.122641509434,206.0
377,55,489.8181818181818,359.0
378,41,553.0952380952381,373.0
379,190,326.60714285714283,224.0
380,45,272.17391304347825,369.0
381,230,198.43347639484978,184.0
382,59,489.1525423728813,355.0
383,247,179.60474308300394,167.0
384,71,212.3943661971831,343.0
385,55,657.8181818181819,359.0
386,217,223.8181818181818,197.0
387,239,270.69958847736626,175.0
388,387,494.0464547677262,56.0
389,231,174.2194092827004,183.0
390,214,199.04545454545453,200.0
391,257,600.9732824427481,157.0
392,208,175.6046511627907,206.0
393,73,667.054794520548,341.0
394,426,173.8021978021978,36.0
395,237,215.06172839506172,177.0
396,56,163.75,358.0
397,57,470.2586206896552,357.0
398,398,421.1792452830189,48.0
399,235,568.9004149377594,179.0
400,228,521.1914893617021,186.0
401,147,554.7402597402597,267.0
402,65,504.46153846153845,349.0
403,149,492.43589743589746,265.0
404,167,515.438596491228,247.0
405,130,359.3609022556391,284.0
406,130,508.5496183206107,284.0
407,187,149.23280423280423,227.0
408,127,148.8846153846154,287.0
409,153,192.27564102564102,261.0
410,132,293.2846715328467,282.0
411,153,517.452229299363,261.0
412,162,407.63803680981596,252.0
413,332,424.9568965517241,90.0
414,332,291.50280898876406,90.0
415,181,595.4120879120879,233.0
416,213,201.63636363636363,201.0
417,159,497.7639751552795,255.0
418,128,431.7293233082707,286.0
419,46,306.6304347826087,368.0
420,57,320.0,357.0
421,125,429.48,289.0
422,122,287.1544715447154,292.0
423,135,420.25,279.0
424,258,550.0371747211896,156.0
425,42,589.5348837209302,372.0
426,147,471.23333333333335,267.0
427,40,395.625,374.0
428,138,230.85034013605443,276.0
429,355,546.5681233933162,76.0
430,248,296.07003891050584,166.0
431,135,270.0,279.0
432,129,477.85714285714283,285.0
433,134,304.014598540146,280.0
434,248,161.81640625,166.0
435,122,559.44,292.0
436,120,472.2916666666667,294.0
437,245,148.42629482071712,169.0
438,55,392.27272727272725,359.0
439,137,383.85714285714283,277.0
440,54,233.33333333333334,360.0
441,46,575.6521739130435,368.0
442,192,467.4875621890547,222.0
443,269,279.043321299639,145.0
444,133,598.4586466165414,281.0
445,130,193.74045801526717,284.0
446,127,616.2109375,287.0
447,142,163.29861111111111,272.0
448,318,339.0207715133531,100.0
449,195,659.8717948717949,219.0
450,145,621.6554054054054,269.0
451,53,410.74074074074076,361.0
452,181,552.7027027027027,233.0
453,303,662.0121951219512,113.0
454,48,277.9166666666667,366.0
455,53,295.188679245283,361.0
456,281,376.7368421052632,134.0
457,265,594.4301470588235,149.0
458,132,334.85185185185185,282.0
459,36,680.5555555555555,378.0
460,180,549.7849462365591,234.0
461,203,389.4951923076923,211.0
462,159,176.14197530864197,255.0
463,192,458.203125,222.0
464,184,490.4594594594595,230.0
465,77,573.2467532467532,337.0
466,509,164.8464491362764,16.0
467,344,310.82865168539325,84.0
468,370,163.994708994709,67.0
469,272,213.2783882783883,142.0
470,58,248.70689655172413,356.0
471,193,383.1443298969072,221.0
472,199,165.81683168316832,215.0
473,203,578.2451923076923,211.0
474,68,207.53623188405797,346.0
475,178,266.8232044198895,236.0
476,218,597.3094170403588,196.0
477,191,580.699481865285,223.0
478,159,281.9496855345912,255.0
479,546,575.6417112299465,10.0
480,198,587.549504950495,216.0
481,108,341.60550458715596,306.0
482,46,224.36170212765958,368.0
483,125,494.13385826771656,289.0
484,39,347.8205128205128,375.0
485,87,489.375,327.0
486,163,662.9940119760479,251.0
487,273,646.2371134020618,141.0
488,189,505.2564102564103,225.0
489,101,442.378640776699,313.0
490,102,405.8018867924528,312.0
491,166,207.85714285714286,248.0
492,124,458.56,290.0
493,138,161.83453237410072,276.0
494,113,291.359649122807,301.0
495,128,581.6666666666666,286.0
496,179,551.7486338797814,235.0
497,100,287.30392156862746,314.0
498,127,494.0601503759398,287.0
499,119,627.2689075630252,295.0
500,161,295.55214723926383,253.0
501,112,266.0267857142857,302.0
502,63,503.46153846153845,351.0
503,377,558.6304909560723,63.0
504,119,211.57258064516128,295.0
505,52,678.3653846153846,362.0
506,113,260.43859649122805,301.0
507,459,443.3366733466934,26.0
508,50,530.5,364.0
509,46,380.2173913043478,368.0
510,118,585.9504132231405,296.0
511,257,551.4695340501792,157.0
512,111,469.12280701754383,303.0
513,125,560.7751937984497,289.0
514,122,373.96,292.0
515,126,489.68992248062017,288.0
516,54,442.3636363636364,360.0
517,212,672.2093023255813,202.0
518,46,671.0869565217391,368.0
519,225,448.98706896551727,189.0
520,350,593.4828496042217,81.0
521,50,321.7,364.0
522,123,317.6744186046512,291.0
523,382,163.75,60.0
524,126,479.140625,288.0
525,151,376.05263157894734,263.0
526,259,529.2279411764706,155.0
527,56,289.3859649122807,358.0
528,148,601.081081081081,266.0
529,457,244.16342412451363,27.0
530,102,520.6666666666666,312.0
531,109,638.3636363636364,305.0
532,116,665.4741379310345,298.0
533,289,242.12121212121212,126.0
534,110,273.57142857142856,304.0
535,106,175.65420560747663,308.0
536,54,570.2777777777778,360.0
537,111,180.1769911504425,303.0
538,155,195.65625,259.0
539,131,638.7593984962406,283.0
540,125,222.265625,289.0
541,101,400.96153846153845,313.0
542,203,471.61137440758296,211.0
543,176,388.32402234636874,238.0
544,126,534.375,288.0
545,41,169.8780487804878,373.0
546,203,156.07142857142858,211.0
547,196,424.3069306930693,218.0
548,44,300.44444444444446,370.0
549,193,375.8291457286432,221.0
550,115,210.85470085470087,299.0
551,201,316.47342995169083,213.0
552,115,361.69565217391306,299.0
553,192,523.5751295336787,222.0
554,50,385.5,364.0
555,201,517.4754901960785,213.0
556,121,479.91803278688525,293.0
557,149,168.28859060402684,265.0
558,199,354.6551724137931,215.0
559,259,248.7732342007435,155.0
560,125,581.88,289.0
561,161,593.5093167701864,253.0
562,55,543.7272727272727,359.0
563,34,244.45945945945945,380.0
564,90,153.2608695652174,324.0
565,39,309.5,375.0
566,90,164.56521739130434,324.0
567,236,154.30041152263374,178.0
568,188,216.05820105820106,226.0
569,192,169.84536082474227,222.0
570,93,388.1770833333333,321.0
571,35,327.0,379.0
572,178,258.0769230769231,236.0
573,89,204.56043956043956,325.0
574,36,248.19444444444446,378.0
575,179,476.57608695652175,235.0
576,192,487.5897435897436,222.0
577,99,390.0980392156863,315.0
578,99,317.15,315.0
579,307,203.79746835443038,109.0
580,321,568.6253776435045,97.0
581,51,539.0196078431372,363.0
582,82,257.2289156626506,332.0
583,82,348.6309523809524,332.0
584,91,284.6276595744681,323.0
585,178,392.2554347826087,236.0
586,68,230.94202898550725,346.0
587,227,557.9399141630902,187.0
588,32,540.46875,382.0
589,87,387.4157303370786,327.0
590,40,226.125,374.0
591,104,506.6355140186916,310.0
592,162,273.6666666666667,252.0
593,88,448.0769230769231,326.0
594,172,184.060773480663,242.0
595,151,536.5605095541401,263.0
596,76,473.4415584415584,338.0
597,35,361.85714285714283,379.0
598,154,150.0,260.0
599,161,528.689024390244,253.0
600,297,180.20123839009287,118.0
601,127,268.83720930232556,287.0
602,199,462.9710144927536,215.0
603,105,396.60377358490564,309.0
604,123,522.7822580645161,291.0
605,138,574.6402877697842,276.0
606,107,274.0740740740741,307.0
607,113,428.9655172413793,301.0
608,83,447.4117647058824,331.0
609,165,151.2058823529412,249.0
610,201,338.3411214953271,213.0
611,144,588.7755102040817,270.0
612,37,197.97297297297297,377.0
613,107,451.22727272727275,307.0
614,36,458.47222222222223,378.0
615,123,547.007874015748,291.0
616,108,534.2857142857143,306.0
617,29,475.17241379310343,385.0
618,104,156.25,310.0
619,114,210.92436974789916,300.0
620,100,307.0388349514563,314.0
621,284,348.07560137457045,131.0
622,47,593.0851063829788,367.0
623,117,319.7435897435897,297.0
624,247,448.25396825396825,167.0
625,107,351.1467889908257,307.0
626,116,263.4873949579832,298.0
627,116,301.62393162393164,298.0
628,46,150.32608695652175,368.0
629,123,524.08,291.0
630,102,367.71844660194176,312.0
631,207,591.9905213270142,207.0
632,56,304.01785714285717,358.0
633,220,418.0088495575221,194.0
634,292,411.12582781456956,123.0
635,220,435.1321585903084,194.0
636,250,219.78515625,164.0
637,203,543.755980861244,211.0
638,236,291.4876033057851,178.0
639,267,353.5925925925926,147.0
640,49,166.0204081632653,365.0
641,156,574.874213836478,258.0
642,194,589.6464646464647,220.0
643,49,451.42857142857144,365.0
644,59,293.0508474576271,355.0
645,166,178.77245508982037,248.0
646,188,194.79381443298968,226.0
647,51,489.5098039215686,363.0
648,207,164.39252336448598,207.0
649,239,487.78225806451616,175.0
650,198,438.9646464646465,216.0
651,173,388.82022471910113,241.0
652,229,146.36752136752136,185.0
653,200,543.275,214.0
654,160,525.7453416149068,254.0
655,205,372.5728155339806,209.0
656,182,261.14973262032083,232.0
657,43,498.75,371.0
658,62,267.06349206349205,352.0
659,194,232.7363184079602,220.0
660,303,470.9908536585366,113.0
661,118,545.860655737705,296.0
662,143,236.10344827586206,271.0
663,110,509.9549549549549,304.0
664,144,230.79310344827587,270.0
665,125,314.8046875,289.0
666,119,545.375,295.0
667,48,490.51020408163265,366.0
668,131,192.85714285714286,283.0
669,117,448.3606557377049,297.0
670,247,255.71428571428572,167.0
671,293,176.5066225165563,122.0
672,50,559.6,364.0
673,156,340.4113924050633,258.0
674,256,429.64150943396226,158.0
675,129,495.6390977443609,285.0
676,147,419.80132450331126,267.0
677,117,247.1900826446281,297.0
678,123,462.1544715447154,291.0
679,266,598.010752688172,148.0
680,389,524.9411764705883,54.0
681,55,171.72727272727272,359.0
682,492,321.3035381750466,20.0
683,382,573.3033419023136,60.0
684,362,333.1720430107527,71.0
685,192,496.9230769230769,222.0
686,216,529.8617511520737,198.0
687,76,314.7368421052632,338.0
688,214,531.8119266055046,200.0
689,308,346.94620253164555,108.0
690,291,585.9866220735786,124.0
691,205,278.0094786729858,209.0
692,69,272.39130434782606,345.0
693,273,598.3333333333334,141.0
694,68,145.9558823529412,346.0
695,88,324.3820224719101,326.0
696,309,513.0511182108626,107.0
697,79,231.64556962025316,335.0
698,388,332.6799007444169,55.0
699,393,249.1315136476427,50.0
700,71,570.7042253521126,343.0
701,274,559.6819787985866,140.0
702,361,432.09809264305176,72.0
703,141,399.13793103448273,273.0
704,144,288.32214765100673,270.0
705,268,633.7769784172662,146.0
706,363,557.8439153439153,70.0
707,285,259.3859649122807,130.0
708,66,218.4090909090909,348.0
709,70,377.7857142857143,344.0
710,164,503.92215568862275,250.0
711,69,308.9855072463768,345.0
712,179,298.0327868852459,235.0
713,262,237.92279411764707,152.0
714,339,352.28985507246375,86.0
715,145,469.2413793103448,269.0
716,453,225.12948207171314,29.0
717,153,183.8562091503268,261.0
718,250,569.5418326693227,164.0
719,165,223.26347305389223,249.0
720,126,452.87401574803147,288.0
721,93,253.51063829787233,321.0
722,29,416.55172413793105,385.0
723,36,366.80555555555554,378.0
724,109,173.0909090909091,305.0
725,211,278.88392857142856,203.0
726,187,486.8134715025907,227.0
727,112,534.8230088495575,302.0
728,106,249.85849056603774,308.0
729,264,386.0996563573883,150.0
730,105,149.29245283018867,309.0
731,101,384.1666666666667,313.0
732,97,516.5816326530612,317.0
733,108,401.5765765765766,306.0
734,30,606.1666666666666,384.0
735,35,320.0,379.0
736,103,365.33653846153845,311.0
737,88,553.0337078651686,326.0
738,192,497.6041666666667,222.0
739,181,183.6290322580645,233.0
740,30,252.83333333333334,384.0
741,31,152.25806451612902,383.0
742,28,413.92857142857144,386.0
743,154,459.625,260.0
744,145,252.83783783783784,269.0
745,132,444.09090909090907,282.0
746,119,329.8360655737705,295.0
747,44,344.8863636363636,370.0
748,131,192.21804511278197,283.0
749,32,532.96875,382.0
750,41,517.9268292682926,373.0
751,116,241.10169491525423,298.0
752,139,438.7412587412587,275.0
753,96,579.6875,318.0
754,115,529.5299145299145,299.0
755,220,386.98744769874475,194.0
756,199,472.2330097087379,215.0
757,148,577.5320512820513,266.0
758,153,275.3225806451613,261.0
759,123,464.83870967741933,291.0
760,158,439.8780487804878,256.0
761,121,277.8455284552846,293.0
762,86,462.02247191011236,328.0
763,82,366.7857142857143,332.0
764,117,492.4786324786325,297.0
765,34,237.64705882352942,380.0
766,263,305.1766784452297,151.0
767,118,414.0416666666667,296.0
768,152,481.9078947368421,262.0
769,105,430.04672897196264,309.0
770,26,537.1153846153846,388.0
771,149,320.19736842105266,265.0
772,90,432.4175824175824,324.0
773,175,299.77777777777777,239.0
774,116,374.3162393162393,298.0
775,113,322.9824561403509,301.0
776,142,291.7808219178082,272.0
777,193,250.02475247524754,221.0
778,69,182.0,345.0
779,103,378.4466019417476,311.0
780,94,429.36170212765956,320.0
781,225,284.1774891774892,189.0
782,238,553.4439834024896,176.0
783,377,393.0314009661836,63.0
784,125,301.953125,289.0
785,220,279.7787610619469,194.0
786,327,401.87679083094554,93.0
787,46,524.2391304347826,368.0
788,151,329.4117647058824,263.0
789,266,227.50915750915752,148.0
790,199,286.78921568627453,215.0
791,48,343.6734693877551,366.0
792,47,242.70833333333334,367.0
793,158,401.65625,256.0
794,56,332.89473684210526,358.0
795,131,290.07575757575756,283.0
796,215,207.01357466063348,199.0
797,212,563.7327188940092,202.0
798,153,208.03225806451613,261.0
799,53,514.1509433962265,361.0
800,53,365.9433962264151,361.0
801,227,504.2857142857143,187.0
802,229,497.5,185.0
803,194,318.84422110552765,220.0
804,122,215.4724409448819,292.0
805,203,243.02884615384616,211.0
806,149,231.53333333333333,265.0
807,217,281.7808219178082,197.0
808,208,508.5747663551402,206.0
809,221,513.8,193.0
810,140,209.05594405594405,274.0
811,197,369.009900990099,217.0
812,409,312.0298165137615,42.0
813,136,282.6978417266187,278.0
814,138,490.177304964539,276.0
815,213,343.1506849315069,201.0
816,273,235.71167883211677,141.0
817,72,470.97222222222223,342.0
818,71,270.84507042253523,343.0
819,308,382.57097791798105,108.0
820,187,219.76190476190476,227.0
821,190,333.6868686868687,224.0
822,125,381.37795275590554,289.0
823,138,291.36690647482015,276.0
824,109,170.45045045045046,305.0
825,261,225.65454545454546,153.0
826,292,282.03583061889253,123.0
827,236,306.9791666666667,178.0
828,122,325.7258064516129,292.0
829,139,290.03472222222223,275.0
830,50,157.0,364.0
831,185,496.42857142857144,229.0
832,189,242.5252525252525,225.0
833,61,350.9016393442623,353.0
834,110,276.60714285714283,304.0
835,172,468.135593220339,242.0
836,62,411.2096774193548,352.0
837,169,406.6666666666667,245.0
838,154,307.5483870967742,260.0
839,111,305.13513513513516,303.0
840,154,301.53846153846155,260.0
841,229,292.3931623931624,185.0
842,77,402.2435897435897,337.0
843,221,173.97826086956522,193.0
844,453,266.9461697722567,29.0
845,214,285.87557603686633,200.0
846,208,317.66355140186914,206.0
847,77,493.1168831168831,337.0
848,249,363.3984375,165.0
849,238,124.89711934156378,176.0
850,238,155.73469387755102,176.0
851,191,162.12820512820514,223.0
852,196,214.00497512437812,218.0
853,412,130.75620767494357,40.0
854,216,423.56164383561645,198.0
855,64,498.828125,350.0
856,237,184.56611570247935,177.0
857,68,135.2941176470588,346.0
858,231,375.63829787234044,183.0
859,244,297.77777777777777,170.0
860,377,239.83502538071065,63.0
861,135,375.72463768115944,279.0
862,37,467.7027027027027,377.0
863,33,322.72727272727275,381.0
864,50,306.9,364.0
865,43,179.1860465116279,371.0
866,36,193.47222222222223,378.0
867,138,432.0,276.0
868,216,505.4585152838428,198.0
869,130,457.57462686567163,284.0
870,210,573.9029535864979,204.0
871,141,554.5104895104895,273.0
872,109,381.26126126126127,305.0
873,137,156.54929577464787,277.0
874,35,306.7142857142857,379.0
875,40,378.875,374.0
876,31,473.7096774193548,383.0
877,109,553.4684684684685,305.0
878,34,537.2857142857143,380.0
879,261,285.2930402930403,153.0
880,156,560.65625,258.0
881,185,472.8042328042328,229.0
882,77,401.8831168831169,337.0
883,495,170.60263653483992,19.0
884,543,454.6885521885522,11.0
885,63,124.28571428571429,351.0
886,171,389.0988372093023,243.0
887,69,258.84057971014494,345.0
888,210,382.66509433962267,204.0
889,74,193.13333333333333,340.0
890,373,340.7832898172324,64.0
891,171,492.7556818181818,243.0
892,65,126.38461538461539,349.0
893,79,409.17721518987344,335.0
894,517,305.54844606946983,15.0
895,71,265.4225352112676,343.0
896,162,210.0,252.0
897,209,398.9400921658986,205.0
898,370,188.42592592592592,67.0
899,187,248.39473684210526,227.0
900,184,391.3709677419355,230.0
901,138,373.64285714285717,276.0
902,150,301.3666666666667,264.0
903,46,488.80434782608694,368.0
904,108,442.3636363636364,306.0
905,120,321.93548387096774,294.0
906,104,417.2169811320755,310.0
907,291,381.9009584664537,124.0
908,113,418.6521739130435,301.0
909,35,171.85714285714286,379.0
910,75,215.6578947368421,339.0
911,71,564.5138888888889,343.0
912,109,376.7117117117117,305.0
913,40,399.5,374.0
914,212,548.9737991266376,202.0
915,185,479.68586387434556,229.0
916,64,381.06060606060606,350.0
917,53,179.52830188679246,361.0
918,74,290.6081081081081,340.0
919,188,574.3717277486911,226.0
920,86,437.84090909090907,328.0
921,50,269.5,364.0
922,95,527.6842105263158,319.0
923,452,567.8330019880716,30.0
924,86,532.6162790697674,328.0
925,43,539.3023255813954,371.0
926,212,427.69406392694066,202.0
927,357,430.27322404371586,75.0
928,101,364.8557692307692,313.0
929,202,345.0966183574879,212.0
930,48,374.1666666666667,366.0
931,80,138.9375,334.0
932,77,548.8125,337.0
933,243,518.0971659919028,171.0
934,225,390.7142857142857,189.0
935,41,240.3658536585366,373.0
936,330,356.6295264623955,91.0
937,100,255.3921568627451,314.0
938,99,551.8811881188119,315.0
939,60,355.6666666666667,354.0
940,81,247.6829268292683,333.0
941,86,543.0459770114943,328.0
942,29,475.51724137931035,385.0
943,104,186.6346153846154,310.0
944,195,140.8695652173913,219.0
945,86,178.97727272727272,328.0
946,169,233.25714285714287,245.0
947,108,317.5462962962963,306.0
948,98,331.1,316.0
949,34,512.6470588235294,380.0
950,94,354.234693877551,320.0
951,103,547.1634615384615,311.0
952,29,331.2068965517241,385.0
953,101,427.9126213592233,313.0
954,108,512.9166666666666,306.0
955,92,373.3510638297872,322.0
956,36,513.5135135135135,378.0
957,110,477.43362831858406,304.0
958,108,399.212962962963,306.0
959,163,206.3905325443787,251.0
960,105,516.8691588785047,309.0
961,119,267.04918032786884,295.0
962,107,166.69724770642202,307.0
963,87,430.96590909090907,327.0
964,127,177.32824427480915,287.0
965,106,156.75925925925927,308.0
966,146,132.1283783783784,268.0
967,134,445.84558823529414,280.0
968,37,446.4864864864865,377.0
969,74,373.26666666666665,340.0
970,132,410.0751879699248,282.0
971,213,397.66968325791856,201.0
972,123,427.8048780487805,291.0
973,125,326.1328125,289.0
974,124,323.66141732283467,290.0
975,91,232.09677419354838,323.0
976,216,139.03587443946188,198.0
977,147,167.98657718120805,267.0
978,134,337.89285714285717,280.0
979,180,439.75935828877004,234.0
980,130,484.5038167938931,284.0
981,140,364.6875,274.0
982,112,422.07964601769913,302.0
983,295,240.98765432098764,120.0
984,97,323.7244897959184,317.0
985,243,514.2,171.0
986,60,415.4166666666667,354.0
987,46,305.0,368.0
988,254,320.25096525096524,160.0
989,58,138.72881355932202,356.0
990,96,221.5625,318.0
991,199,496.9,215.0
992,183,280.40106951871655,231.0
993,119,489.54545454545456,295.0
994,111,344.77477477477476,303.0
995,160,238.65030674846625,254.0
996,248,334.9402390438247,166.0
997,241,182.34817813765181,173.0
998,48,395.5208333333333,366.0
999,43,140.3409090909091,371.0
1000,167,224.70760233918128,247.0
1001,232,326.2291666666667,182.0
1002,273,295.90909090909093,141.0
1003,199,320.2227722772277,215.0
1004,549,138.584229390681,8.0
1005,209,470.4009433962264,205.0
1006,182,290.92391304347825,232.0
1007,223,401.3274336283186,191.0
1008,219,393.95454545454544,195.0
1009,173,456.8333333333333,241.0
1010,201,338.43283582089555,213.0
1011,239,233.87029288702928,175.0
1012,81,347.5308641975309,333.0
1013,209,213.39622641509433,205.0
1014,192,398.43283582089555,222.0
1015,224,237.54310344827587,190.0
1016,255,119.3529411764706,159.0
1017,77,363.31168831168833,337.0
1018,187,298.4114583333333,227.0
1019,223,485.5726872246696,191.0
1020,68,190.66176470588235,346.0
1021,62,150.0,352.0
1022,75,153.8,339.0
1023,168,242.74285714285713,246.0
1024,141,361.5034965034965,273.0
1025,35,459.85714285714283,379.0
1026,258,267.7857142857143,156.0
1027,60,187.82258064516128,354.0
1028,31,218.38709677419354,383.0
1029,144,198.15436241610738,270.0
1030,140,367.83216783216784,274.0
1031,162,458.4848484848485,252.0
1032,152,364.6753246753247,262.0
1033,38,228.68421052631578,376.0
1034,54,321.90909090909093,360.0
1035,160,189.41358024691357,254.0
1036,154,345.7098765432099,260.0
1037,169,165.62857142857143,245.0
1038,65,252.6153846153846,349.0
1039,55,170.26785714285714,359.0
1040,54,352.22222222222223,360.0
1041,107,237.24770642201835,307.0
1042,27,408.8888888888889,387.0
1043,102,334.3627450980392,312.0
1044,105,296.6509433962264,309.0
1045,37,468.9189189189189,377.0
1046,115,406.8376068376068,299.0
1047,100,485.1,314.0
1048,98,458.2,316.0
1049,118,347.4166666666667,296.0
1050,229,161.6597510373444,185.0
1051,134,448.9928057553957,280.0
1052,48,373.9583333333333,366.0
1053,95,311.4646464646465,319.0
1054,130,373.45588235294116,284.0
1055,147,189.7986577181208,267.0
1056,135,328.30882352941177,279.0
1057,217,232.80172413793105,197.0
1058,258,441.0869565217391,156.0
1059,35,396.0,379.0
1060,122,157.172131147541,292.0
1061,98,363.1372549019608,316.0
1062,176,179.17127071823205,238.0
1063,109,296.8018018018018,305.0
1064,220,402.7708333333333,194.0
1065,54,388.8181818181818,360.0
1066,33,409.54545454545456,381.0
1067,104,358.75,310.0
1068,143,259.1496598639456,271.0
1069,103,265.28846153846155,311.0
1070,57,355.50847457627117,357.0
1071,71,285.34722222222223,343.0
1072,125,472.09302325581393,289.0
1073,69,469.6478873239437,345.0
1074,89,407.25274725274727,325.0
1075,98,483.95,316.0
1076,94,253.09278350515464,320.0
1077,155,285.527950310559,259.0
1078,141,227.06293706293707,273.0
1079,41,319.2857142857143,373.0
1080,28,123.75,386.0
1081,229,376.9037656903766,185.0
1082,242,267.2830188679245,172.0
1083,39,222.94871794871796,375.0
1084,133,444.02255639097746,281.0
1085,158,262.111801242236,256.0
1086,130,324.4736842105263,284.0
1087,118,454.27966101694915,296.0
1088,110,153.96396396396398,304.0
1089,36,252.63888888888889,378.0
1090,36,341.80555555555554,378.0
1091,43,435.0,371.0
1092,108,485.6194690265487,306.0
1093,134,180.57553956834533,280.0
1094,114,224.7863247863248,300.0
1095,133,284.963503649635,281.0
1096,125,133.515625,289.0
1097,39,389.61538461538464,375.0
1098,100,455.9,314.0
1099,257,456.3718411552347,157.0
1100,153,397.1474358974359,261.0
1101,336,367.8488372093023,87.0
1102,74,473.7837837837838,340.0
1103,241,390.7755102040816,173.0
1104,77,470.0,337.0
1105,177,521.4010989010989,237.0
1106,507,443.5869565217391,18.0
1107,63,356.031746031746,351.0
1108,88,361.59090909090907,326.0
1109,240,282.32510288065845,174.0
1110,183,308.3967391304348,231.0
1111,72,467.9861111111111,342.0
1112,402,499.0162037037037,45.0
1113,177,404.3258426966292,237.0
1114,354,201.61157024793388,77.0
1115,65,175.23076923076923,349.0
1116,87,424.4318181818182,327.0
1117,175,530.8426966292135,239.0
1118,415,155.18930957683742,38.0
1119,238,437.2633744855967,176.0
1120,67,482.8358208955224,347.0
1121,144,306.17241379310343,270.0
1122,218,140.5982905982906,196.0
1123,41,382.1951219512195,373.0
1124,165,242.41071428571428,249.0
1125,154,238.43949044585986,260.0
1126,147,490.0,267.0
1127,33,391.8181818181818,381.0
1128,87,181.7032967032967,327.0
1129,138,336.27659574468083,276.0
1130,110,497.23214285714283,304.0
1131,26,124.42307692307692,388.0
1132,46,175.8695652173913,368.0
1133,43,239.7674418604651,371.0
1134,147,317.2448979591837,267.0
1135,36,387.77777777777777,378.0
1136,145,485.82236842105266,269.0
1137,96,175.2577319587629,318.0
1138,120,338.5655737704918,294.0
1139,188,258.6855670103093,226.0
1140,148,410.60897435897436,266.0
1141,44,185.22727272727272,370.0
1142,71,509.7887323943662,343.0
1143,97,255.69306930693068,317.0
1144,135,571.1428571428571,279.0
1145,135,348.86861313868616,279.0
1146,36,282.0833333333333,378.0
1147,151,379.07284768211923,263.0
1148,153,309.15584415584414,261.0
1149,135,245.65217391304347,279.0
1150,43,278.8636363636364,371.0
1151,164,474.8787878787879,250.0
1152,88,417.4719101123595,326.0
1153,33,363.8235294117647,381.0
1154,45,457.82608695652175,369.0
1155,83,207.52941176470588,331.0
1156,44,349.3181818181818,370.0
1157,527,519.8417132216015,13.0
1158,204,530.5769230769231,210.0
1159,85,273.6931818181818,329.0
1160,144,473.4121621621622,270.0
1161,414,421.2244897959184,39.0
1162,73,477.2972972972973,341.0
1163,61,196.20967741935485,353.0
1164,473,435.5,23.0
1165,299,531.3562091503268,116.0
1166,308,171.0952380952381,108.0
1167,457,217.20739219712524,27.0
1168,64,204.53125,350.0
1169,65,317.7692307692308,349.0
1170,70,473.2857142857143,344.0
1171,75,555.0,339.0
1172,82,248.109756097561,332.0
1173,242,414.133064516129,172.0
1174,289,466.5436241610738,126.0
1175,317,259.76489028213166,101.0
1176,244,442.1686746987952,170.0
1177,311,415.578125,105.0
1178,249,515.813492063492,165.0
1179,84,390.4597701149425,330.0
1180,80,149.8125,334.0
1181,547,563.4916666666667,9.0
1182,197,551.8965517241379,217.0
1183,63,283.41269841269843,351.0
1184,161,152.26993865030676,253.0
1185,145,458.48993288590606,269.0
1186,69,323.4782608695652,345.0
1187,369,230.43814432989691,68.0
1188,212,384.83870967741933,202.0
1189,349,244.68579234972677,82.0
1190,383,356.30864197530866,59.0
1191,186,510.4761904761905,228.0
1192,82,280.7926829268293,332.0
1193,168,160.93023255813952,246.0
1194,157,535.625,257.0
1195,192,227.2680412371134,222.0
1196,188,427.8172588832487,226.0
1197,197,255.6829268292683,217.0
1198,369,158.1201044386423,68.0
1199,149,521.8666666666667,265.0
1200,74,355.0,340.0
1201,48,398.9583333333333,366.0
1202,378,195.2461139896373,62.0
1203,175,335.9944751381216,239.0
1204,128,540.8914728682171,286.0
1205,120,186.09756097560975,294.0
1206,103,147.9047619047619,311.0
1207,106,289.10377358490564,308.0
1208,196,551.4824120603015,218.0
1209,48,193.125,366.0
1210,56,216.69642857142858,358.0
1211,176,352.1508379888268,238.0
1212,64,321.46153846153845,350.0
1213,183,456.413612565445,231.0
1214,392,552.5062972292192,51.0
1215,322,338.3333333333333,96.0
1216,267,339.94545454545454,147.0
1217,272,236.44642857142858,142.0
1218,46,178.15217391304347,368.0
1219,65,304.3076923076923,349.0
1220,57,388.859649122807,357.0
1221,110,345.353982300885,304.0
1222,147,450.5629139072848,267.0
1223,177,446.75977653631287,237.0
1224,164,308.8855421686747,250.0
1225,179,210.08287292817678,235.0
1226,199,148.89447236180905,215.0
1227,152,345.09316770186336,262.0
1228,178,259.36813186813185,236.0
1229,169,477.98850574712645,245.0
1230,114,129.05982905982907,300.0
1231,121,309.79338842975204,293.0
1232,186,398.4920634920635,228.0
1233,193,463.5204081632653,221.0
1234,47,405.3125,367.0
1235,176,247.80555555555554,238.0
1236,135,274.3795620437956,279.0
1237,32,127.5,382.0
1238,304,193.72340425531914,112.0
1239,127,450.625,287.0
1240,45,435.6666666666667,369.0
1241,214,405.6221198156682,200.0
1242,411,492.7471264367816,41.0
1243,229,252.0,185.0
1244,268,263.8827838827839,146.0
1245,192,226.08247422680412,222.0
1246,237,439.2276422764228,177.0
1247,81,306.2345679012346,333.0
1248,148,482.6333333333333,266.0
1249,236,471.2655601659751,178.0
1250,408,387.99768518518516,43.0
1251,167,289.5977011494253,247.0
1252,390,178.92512077294685,53.0
1253,188,419.3421052631579,226.0
1254,250,444.2352941176471,164.0
1255,152,144.6451612903226,262.0
1256,206,125.622009569378,208.0
1257,169,330.41420118343194,245.0
1258,150,312.90849673202615,264.0
1259,235,252.8423236514523,179.0
1260,234,311.93277310924367,180.0
1261,162,126.96319018404908,252.0
1262,58,425.6034482758621,356.0
1263,196,488.9540816326531,218.0
1264,60,220.58333333333334,354.0
1265,204,279.9519230769231,210.0
1266,290,205.36741214057508,125.0
1267,147,178.4228187919463,267.0
1268,166,161.35294117647058,248.0
1269,162,448.05389221556885,252.0
1270,143,198.15436241610738,271.0
1271,52,375.9433962264151,362.0
1272,202,252.46376811594203,212.0
1273,151,214.87012987012986,263.0
1274,169,303.2080924855491,245.0
1275,138,448.05555555555554,276.0
1276,140,262.32394366197184,274.0
1277,164,420.35502958579883,250.0
1278,242,245.89795918367346,172.0
1279,43,138.8372093023256,371.0
1280,188,307.51295336787564,226.0
1281,112,410.7391304347826,302.0
1282,136,425.35714285714283,278.0
1283,56,476.140350877193,358.0
1284,123,430.0,291.0
1285,124,307.52,290.0
1286,46,183.15217391304347,368.0
1287,142,234.93150684931507,272.0
1288,151,409.8376623376623,263.0
1289,242,516.9305019305019,172.0
1290,158,234.78395061728395,256.0
1291,47,561.9148936170212,367.0
1292,146,574.2517006802722,268.0
1293,279,556.5081967213115,136.0
1294,162,459.06060606060606,252.0
1295,120,176.2295081967213,294.0
1296,298,457.34177215189874,117.0
1297,103,262.94392523364485,311.0
1298,131,333.7121212121212,283.0
1299,121,298.38582677165357,293.0
1300,110,324.60176991150445,304.0
1301,68,142.07142857142858,346.0
1302,138,293.4782608695652,276.0
1303,103,412.5,311.0
1304,74,272.40506329113924,340.0
1305,109,474.4594594594595,305.0
1306,103,244.47115384615384,311.0
1307,29,235.0,385.0
1308,67,494.92753623188406,347.0
1309,98,397.75,316.0
1310,40,323.75,374.0
1311,72,547.2972972972973,342.0
1312,35,309.2857142857143,379.0
1313,184,495.02645502645504,230.0
1314,526,334.6840148698885,14.0
1315,99,462.2772277227723,315.0
1316,38,277.7631578947368,376.0
1317,80,478.95061728395063,334.0
1318,134,344.74264705882354,280.0
1319,45,165.55555555555554,369.0
1320,214,374.3805309734513,200.0
1321,140,426.3888888888889,274.0
1322,123,530.04,291.0
1323,137,264.6099290780142,277.0
1324,231,191.9831223628692,183.0
1325,116,538.2352941176471,298.0
1326,40,183.875,374.0
1327,36,317.77777777777777,378.0
1328,139,261.7957746478873,275.0
1329,127,382.72727272727275,287.0
1330,126,454.44444444444446,288.0
1331,236,190.4655870445344,178.0
1332,131,263.2706766917293,283.0
1333,129,295.53435114503816,285.0
1334,114,512.7631578947369,300.0
1335,120,247.625,294.0
1336,236,276.5234375,178.0
1337,135,236.22302158273382,279.0
1338,106,259.52830188679246,308.0
1339,57,371.3157894736842,357.0
1340,155,309.2546583850932,259.0
1341,108,161.22727272727272,306.0
1342,123,496.3709677419355,291.0
1343,46,194.56521739130434,368.0
1344,43,233.25581395348837,371.0
1345,189,402.890625,225.0
1346,113,452.85087719298247,301.0
1347,150,451.3157894736842,264.0
1348,251,182.14022140221402,163.0
1349,252,421.8582375478927,162.0
1350,97,329.33673469387753,317.0
1351,101,273.77450980392155,313.0
1352,45,329.3333333333333,369.0
1353,35,435.2857142857143,379.0
1354,183,487.94117647058823,231.0
1355,94,142.81914893617022,320.0
1356,92,209.79166666666666,322.0
1357,184,346.1764705882353,230.0
1358,137,306.76056338028167,277.0
1359,101,478.6057692307692,313.0
1360,208,139.0552995391705,206.0
1361,246,521.3565891472869,168.0
1362,40,476.625,374.0
1363,130,368.6940298507463,284.0
1364,267,264.8932384341637,147.0
1365,111,225.49107142857142,303.0
1366,103,420.0,311.0
1367,227,186.45652173913044,187.0
1368,115,182.1487603305785,299.0
1369,110,438.05309734513276,304.0
1370,250,344.84674329501917,164.0
1371,132,401.0740740740741,282.0
1372,173,446.33522727272725,241.0
1373,132,463.41911764705884,282.0
1374,197,205.79601990049753,217.0
1375,60,442.3333333333333,354.0
1376,117,402.1900826446281,297.0
1377,47,527.0212765957447,367.0
1378,122,482.0731707317073,292.0
1379,205,254.20289855072463,209.0
1380,104,320.6190476190476,310.0
1381,206,397.5925925925926,208.0
1382,206,228.28638497652582,208.0
1383,129,250.87121212121212,285.0
1384,155,423.30128205128204,259.0
1385,193,228.31606217616581,221.0
1386,172,356.6573033707865,242.0
1387,89,371.85393258426967,325.0
1388,41,390.7142857142857,373.0
1389,136,384.05797101449275,278.0
1390,340,417.7586206896552,85.0
1391,145,292.6,269.0
1392,110,443.8495575221239,304.0
1393,157,270.84375,257.0
1394,109,156.981981981982,305.0
1395,236,418.5123966942149,178.0
1396,127,215.6201550387597,287.0
1397,110,351.3063063063063,304.0
1398,96,323.7113402061856,318.0
1399,97,264.4845360824742,317.0
1400,119,141.92,295.0
1401,229,230.60085836909872,185.0
1402,61,452.5409836065574,353.0
1403,152,452.80645161290323,262.0
1404,148,501.3907284768212,266.0
1405,259,553.4962406015038,155.0
1406,89,308.70786516853934,325.0
1407,269,276.4909090909091,145.0
1408,70,445.7142857142857,344.0
1409,291,277.4237288135593,124.0
1410,264,348.71268656716416,150.0
1411,237,191.91666666666666,177.0
1412,446,173.56540084388186,32.0
1413,154,153.5031847133758,260.0
1414,69,311.231884057971,345.0
1415,292,309.8504983388704,123.0
1416,285,153.42560553633217,130.0
1417,352,369.54419889502765,79.0
1418,246,488.2730923694779,168.0
1419,163,254.82142857142858,251.0
1420,135,493.0882352941176,279.0
1421,163,463.8414634146341,251.0
1422,112,237.6315789473684,302.0
1423,166,493.3333333333333,248.0
1424,32,128.28125,382.0
1425,150,392.10526315789474,264.0
1426,238,163.52713178294573,176.0
1427,199,480.1449275362319,215.0
1428,42,399.7674418604651,372.0
1429,100,142.15,314.0
1430,168,381.60818713450294,246.0
1431,38,271.05263157894734,376.0
1432,37,391.4864864864865,377.0
1433,37,217.97297297297297,377.0
1434,32,206.40625,382.0
1435,40,176.0,374.0
1436,28,122.85714285714286,386.0
1437,167,225.53571428571428,247.0
1438,142,136.06896551724137,272.0
1439,97,202.22222222222223,317.0
1440,249,405.4074074074074,165.0
1441,143,496.90972222222223,271.0
1442,45,418.0,369.0
1443,134,532.2592592592592,280.0
1444,35,566.7142857142857,379.0
1445,138,351.5248226950355,276.0
1446,162,309.01785714285717,252.0
1447,135,256.15942028985506,279.0
1448,146,316.6666666666667,268.0
1449,131,537.8102189781022,283.0
1450,250,281.8864468864469,164.0
1451,30,190.66666666666666,384.0
1452,56,273.39285714285717,358.0
1453,230,392.32067510548524,184.0
1454,43,492.15909090909093,371.0
1455,249,286.3721804511278,165.0
1456,48,269.375,366.0
1457,141,303.0821917808219,273.0
1458,137,372.8169014084507,277.0
1459,108,186.8859649122807,306.0
1460,142,452.72727272727275,272.0
1461,35,319.0,379.0
1462,178,286.16022099447514,236.0
1463,65,233.03030303030303,349.0
1464,36,121.80555555555556,378.0
1465,56,371.140350877193,358.0
1466,56,286.1607142857143,358.0
1467,143,407.5337837837838,271.0
1468,73,269.0131578947368,341.0
1469,195,213.93564356435644,219.0
1470,60,234.01639344262296,354.0
1471,36,124.16666666666667,378.0
1472,36,277.9166666666667,378.0
1473,39,288.97435897435895,375.0
1474,53,488.9622641509434,361.0
1475,256,340.52536231884056,158.0
1476,67,145.22388059701493,347.0
1477,44,134.77272727272728,370.0
1478,51,488.75,363.0
1479,163,174.88023952095807,251.0
1480,60,326.2295081967213,354.0
1481,267,407.0879120879121,147.0
1482,68,474.11764705882354,346.0
1483,201,419.8325358851675,213.0
1484,72,268.47222222222223,342.0
1485,216,238.1422018348624,198.0
1486,479,265.0,21.0
1487,177,218.99441340782124,237.0
1488,204,421.60287081339715,210.0
1489,267,350.63432835820896,147.0
1490,68,264.42028985507244,346.0
1491,218,199.88986784140968,196.0
1492,283,499.84429065743944,132.0
1493,200,472.69607843137254,214.0
1494,288,204.6283783783784,127.0
1495,69,449.42857142857144,345.0
1496,194,162.56218905472636,220.0
1497,197,295.32338308457713,217.0
1498,196,391.33004926108373,218.0
1499,63,418.359375,351.0
1500,385,268.94673123486683,57.0
1501,133,428.98496240601503,281.0
1502,249,358.2549019607843,165.0
1503,141,544.5744680851063,273.0
1504,76,342.1794871794872,338.0
1505,29,270.17241379310343,385.0
1506,71,503.81944444444446,343.0
1507,30,280.1666666666667,384.0
1508,81,463.641975308642,333.0
1509,47,241.80851063829786,367.0
1510,126,272.8515625,288.0
1511,37,167.97297297297297,377.0
1512,193,410.3826530612245,221.0
1513,84,427.2674418604651,330.0
1514,81,480.1829268292683,333.0
1515,111,446.4782608695652,303.0
1516,256,528.4099616858238,158.0
1517,33,542.1212121212121,381.0
1518,138,258.8848920863309,276.0
1519,113,263.1858407079646,301.0
1520,116,190.20661157024793,298.0
1521,116,389.2916666666667,298.0
1522,123,148.6153846153846,291.0
1523,190,288.1770833333333,224.0
1524,131,251.39097744360902,283.0
1525,51,160.68627450980392,363.0
1526,126,268.015873015873,288.0
1527,138,172.39285714285714,276.0
1528,99,277.42424242424244,315.0
1529,114,342.1304347826087,300.0
1530,118,175.04237288135593,296.0
1531,114,223.2051282051282,300.0
1532,126,444.02255639097746,288.0
1533,160,446.46875,254.0
1534,232,307.99595141700405,182.0
1535,102,443.1862745098039,312.0
1536,122,310.6,292.0
1537,87,265.86206896551727,327.0
1538,108,269.212962962963,306.0
1539,40,355.5,374.0
1540,115,377.0258620689655,299.0
1541,60,394.4166666666667,354.0
1542,312,331.27329192546586,104.0
1543,324,491.6465256797583,95.0
1544,318,354.6284829721362,100.0
1545,132,195.97014925373134,282.0
1546,332,377.22873900293257,90.0
1547,322,235.15060240963857,96.0
1548,332,167.18475073313783,90.0
1549,142,208.64583333333334,272.0
1550,130,518.7786259541984,284.0
1551,310,173.98387096774192,106.0
1552,320,410.7033639143731,98.0
1553,319,574.0634441087614,99.0
1554,152,562.1290322580645,262.0
1555,71,215.07042253521126,343.0
1556,303,300.928338762215,113.0
1557,140,190.59859154929578,274.0
1558,148,223.0718954248366,266.0
1559,350,323.70111731843576,81.0
1560,81,500.4268292682927,333.0
1561,113,134.03361344537817,301.0
1562,120,348.05785123966945,294.0
1563,121,202.21774193548387,293.0
1564,120,382.0081967213115,294.0
1565,121,162.47967479674796,293.0
1566,84,347.52941176470586,330.0
1567,121,239.13934426229508,293.0
1568,124,172.0703125,290.0
1569,76,307.63157894736844,338.0
1570,86,226.0344827586207,328.0
1571,115,192.35042735042734,299.0
1572,90,328.04347826086956,324.0
1573,127,168.89763779527559,287.0
1574,105,240.0,309.0
1575,152,253.00653594771242,262.0
1576,113,304.5217391304348,301.0
1577,114,187.75423728813558,300.0
1578,84,340.4117647058824,330.0
1579,130,297.5925925925926,284.0
1580,164,479.8475609756098,250.0
1581,32,382.34375,382.0
1582,73,357.36486486486484,341.0
1583,68,395.28985507246375,346.0
1584,68,460.44117647058823,346.0
1585,36,298.47222222222223,378.0
1586,34,158.97058823529412,380.0
1587,170,462.61764705882354,244.0
1588,196,332.4878048780488,218.0
1589,204,338.75,210.0
1590,171,257.29050279329607,243.0
1591,129,207.5,285.0
1592,69,162.07142857142858,345.0
1593,243,304.53307392996106,171.0
1594,116,123.17796610169492,298.0
1595,65,305.7692307692308,349.0
1596,37,257.97297297297297,377.0
1597,66,377.3134328358209,348.0
1598,138,273.0575539568345,276.0
1599,66,213.5820895522388,348.0
1600,178,472.05405405405406,236.0
1601,202,461.3414634146341,212.0
1602,222,301.15555555555557,192.0
1603,278,430.30575539568343,137.0
1604,143,321.55172413793105,271.0
1605,423,417.34966592427617,37.0
1606,202,470.1449275362319,212.0
1607,81,224.320987654321,333.0
1608,152,267.0967741935484,262.0
1609,140,531.5714285714286,274.0
1610,77,567.2727272727273,337.0
1611,138,332.8985507246377,276.0
1612,142,257.6551724137931,272.0
1613,564,229.00514579759863,6.0
1614,211,157.10407239819006,203.0
1615,90,506.0,324.0
1616,216,212.97727272727272,198.0
1617,384,310.3061224489796,58.0
1618,211,484.24311926605503,203.0
1619,154,249.90322580645162,260.0
1620,507,452.14700193423596,18.0
1621,145,415.2040816326531,269.0
1622,253,453.05019305019306,161.0
1623,144,401.72297297297297,270.0
1624,147,158.99328859060404,267.0
1625,233,317.83613445378154,181.0
1626,215,206.55405405405406,199.0
1627,369,465.7142857142857,68.0
1628,297,343.9261744966443,118.0
1629,577,217.05192629815744,5.0
1630,236,465.73221757322176,178.0
1631,240,539.6761133603239,174.0
1632,86,138.125,328.0
1633,239,480.5846774193548,175.0
1634,75,287.1333333333333,339.0
1635,551,161.59369527145358,7.0
1636,360,421.8194070080863,73.0
1637,79,529.1875,335.0
1638,75,483.84615384615387,339.0
1639,73,336.0810810810811,341.0
1640,182,574.6153846153846,232.0
1641,160,473.39506172839504,254.0
1642,245,289.73895582329317,169.0
1643,86,268.0232558139535,328.0
1644,363,190.45212765957447,70.0
1645,221,147.4025974025974,193.0
1646,199,367.9850746268657,215.0
1647,167,124.64285714285714,247.0
1648,202,278.97058823529414,212.0
1649,402,264.4835680751174,45.0
1650,205,151.71497584541063,209.0
1651,366,236.5,69.0
1652,167,132.64880952380952,247.0
1653,221,128.69955156950672,193.0
1654,223,195.70484581497797,191.0
1655,141,391.9366197183099,273.0
1656,185,360.9840425531915,229.0
1657,224,469.375,190.0
1658,202,497.0192307692308,212.0
1659,217,353.79545454545456,197.0
1660,212,131.22119815668202,202.0
1661,155,453.19354838709677,259.0
1662,162,551.3803680981595,252.0
1663,119,261.4516129032258,295.0
1664,89,380.3333333333333,325.0
1665,157,287.2360248447205,257.0
1666,157,407.19135802469134,257.0
1667,133,315.1459854014599,281.0
1668,85,260.29411764705884,329.0
1669,132,301.203007518797,282.0
1670,88,269.2134831460674,326.0
1671,30,227.0,384.0
1672,28,354.2857142857143,386.0
1673,37,501.2162162162162,377.0
1674,87,557.2727272727273,327.0
1675,162,574.4512195121952,252.0
1676,98,186.46464646464648,316.0
1677,138,333.63309352517985,276.0
1678,136,503.3941605839416,278.0
1679,121,290.11811023622045,293.0
1680,122,490.0406504065041,292.0
1681,176,360.95628415300547,238.0
1682,86,437.19101123595505,328.0
1683,133,152.8148148148148,281.0
1684,148,449.10596026490066,266.0
1685,224,301.4957264957265,190.0
1686,105,364.811320754717,309.0
1687,35,422.9166666666667,379.0
1688,120,141.68032786885246,294.0
1689,122,338.24,292.0
1690,171,331.47727272727275,243.0
1691,36,426.80555555555554,378.0
1692,229,311.82377049180326,185.0
1693,48,413.9795918367347,366.0
1694,84,314.5238095238095,330.0
1695,112,445.0431034482759,302.0
1696,118,170.67226890756302,296.0
1697,90,453.2608695652174,324.0
1698,175,326.21546961325964,239.0
1699,35,464.85714285714283,379.0
1700,155,347.03821656050957,259.0
1701,53,332.7358490566038,361.0
1702,131,264.5220588235294,283.0
1703,172,442.67241379310343,242.0
1704,223,192.48953974895397,191.0
1705,222,145.12765957446808,192.0
1706,43,394.8888888888889,371.0
1707,56,472.4107142857143,358.0
1708,38,138.81578947368422,376.0
1709,179,480.7142857142857,235.0
1710,107,465.0462962962963,307.0
1711,40,456.875,374.0
1712,249,181.1931818181818,165.0
1713,33,323.4848484848485,381.0
1714,34,451.1764705882353,380.0
1715,117,466.90677966101697,297.0
1716,47,336.9148936170213,367.0
1717,51,287.2549019607843,363.0
1718,121,193.739837398374,293.0
1719,39,306.625,375.0
1720,39,200.0,375.0
1721,37,368.1081081081081,377.0
1722,37,273.2432432432432,377.0
1723,119,309.25,295.0
1724,40,233.25,374.0
1725,47,244.7872340425532,367.0
1726,47,325.9574468085106,367.0
1727,105,170.95238095238096,309.0
1728,116,334.3162393162393,298.0
1729,125,348.0,289.0
1730,197,208.79901960784315,217.0
1731,123,157.39837398373984,291.0
1732,220,273.47457627118644,194.0
1733,171,216.51162790697674,243.0
1734,126,483.6434108527132,288.0
1735,139,168.09027777777777,275.0
1736,150,171.09677419354838,264.0
1737,145,397.06666666666666,269.0
1738,135,362.21014492753625,279.0
1739,152,257.63157894736844,262.0
1740,28,195.89285714285714,386.0
1741,123,413.56,291.0
1742,226,488.6776859504132,188.0
1743,117,548.7603305785124,297.0
1744,136,310.57971014492756,278.0
1745,125,241.69291338582678,289.0
1746,119,565.3252032520326,295.0
1747,186,162.74869109947645,228.0
1748,38,575.6578947368421,376.0
1749,165,516.508875739645,249.0
1750,220,423.64978902953584,194.0
1751,36,200.97222222222223,378.0
1752,220,572.1367521367522,194.0
1753,127,561.3076923076923,287.0
1754,39,517.3076923076923,375.0
1755,118,423.1404958677686,296.0
1756,145,280.8904109589041,269.0
1757,124,386.06299212598424,290.0
1758,139,566.6666666666666,275.0
1759,55,535.9090909090909,359.0
1760,114,303.85593220338984,300.0
1761,193,315.4679802955665,221.0
1762,199,337.94930875576034,215.0
1763,118,271.6115702479339,296.0
1764,142,280.8333333333333,272.0
1765,99,364.65346534653463,315.0
1766,30,218.16666666666666,384.0
1767,139,218.07142857142858,275.0
1768,124,404.6062992125984,290.0
1769,34,244.41176470588235,380.0
1770,119,396.7083333333333,295.0
1771,147,251.3,267.0
1772,34,406.3235294117647,380.0
1773,89,167.9891304347826,325.0
1774,29,440.0,385.0
1775,98,267.6530612244898,316.0
1776,123,305.2016129032258,291.0
1777,139,162.9078014184397,275.0
1778,131,191.9485294117647,283.0
1779,48,199.69387755102042,366.0
1780,33,267.57575757575756,381.0
1781,115,340.8119658119658,299.0
1782,147,395.61224489795916,267.0
1783,52,437.6923076923077,362.0
1784,125,160.67460317460316,289.0
1785,126,132.86821705426357,288.0
1786,40,499.125,374.0
1787,48,182.70833333333334,366.0
1788,155,448.6875,259.0
1789,262,270.92727272727274,152.0
1790,219,365.17391304347825,195.0
1791,137,259.92907801418437,277.0
1792,217,353.7837837837838,197.0
1793,203,487.10526315789474,211.0
1794,110,257.14912280701753,304.0
1795,122,316.69354838709677,292.0
1796,138,295.1063829787234,276.0
1797,126,234.8031496062992,288.0
1798,40,251.9047619047619,374.0
1799,121,433.9024390243902,293.0
1800,265,254.26785714285714,149.0
1801,156,222.63975155279502,258.0
1802,224,163.2415254237288,190.0
1803,152,261.2738853503185,262.0
1804,133,192.88888888888889,281.0
1805,126,139.9236641221374,288.0
1806,47,117.87234042553192,367.0
1807,187,406.9791666666667,227.0
1808,221,123.30396475770925,193.0
1809,112,420.49107142857144,302.0
1810,88,174.83516483516485,326.0
1811,74,372.30263157894734,340.0
1812,49,312.6530612244898,365.0
1813,80,354.0740740740741,334.0
1814,125,271.2109375,289.0
1815,39,293.71794871794873,375.0
1816,109,478.70535714285717,305.0
1817,140,288.986013986014,274.0
1818,154,182.17948717948718,260.0
1819,63,117.14285714285714,351.0
1820,116,232.01680672268907,298.0
1821,87,281.1363636363636,327.0
1822,105,166.3551401869159,309.0
1823,156,296.7901234567901,258.0
1824,105,126.92660550458716,309.0
1825,96,240.97938144329896,318.0
1826,48,360.1020408163265,366.0
1827,50,248.3,364.0
1828,231,160.22088353413653,183.0
1829,140,301.46853146853147,274.0
1830,58,318.5833333333333,356.0
1831,72,222.77777777777777,342.0
1832,77,141.0,337.0
1833,57,325.6034482758621,357.0
1834,94,294.8421052631579,320.0
1835,154,278.0745341614907,260.0
1836,68,205.2941176470588,346.0
1837,93,382.0744680851064,321.0
1838,197,376.7391304347826,217.0
1839,162,386.8787878787879,252.0
1840,39,286.53846153846155,375.0
1841,218,175.46052631578948,196.0
1842,139,278.6713286713287,275.0
1843,58,299.3965517241379,356.0
1844,46,392.9347826086956,368.0
1845,204,309.8341232227488,210.0
1846,52,224.71153846153845,362.0
1847,153,140.0314465408805,261.0
1848,284,164.78333333333333,131.0
1849,265,98.06451612903226,149.0
1850,142,224.54861111111111,272.0
1851,199,311.30541871921184,215.0
1852,107,288.4403669724771,307.0
1853,129,234.50381679389312,285.0
1854,111,184.3859649122807,303.0
1855,115,208.5593220338983,299.0
1856,55,373.6363636363636,359.0
1857,132,314.16058394160586,282.0
1858,213,383.110599078341,201.0
1859,196,99.80099502487562,218.0
1860,43,300.1136363636364,371.0
1861,272,374.9824561403509,142.0
1862,87,296.5168539325843,327.0
1863,54,160.83333333333334,360.0
1864,167,207.19298245614036,247.0
1865,118,322.1487603305785,296.0
1866,142,330.1748251748252,272.0
1867,146,165.80536912751677,268.0
1868,232,291.53225806451616,182.0
1869,131,110.22222222222223,283.0
1870,160,123.27272727272727,254.0
1871,92,340.0537634408602,322.0
1872,165,129.46428571428572,249.0
1873,88,110.28089887640449,326.0
1874,52,234.03846153846155,362.0
1875,151,206.85897435897436,263.0
1876,135,164.63235294117646,279.0
1877,51,308.2352941176471,363.0
1878,150,122.19354838709677,264.0
1879,133,277.44604316546764,281.0
1880,232,187.64462809917356,182.0
1881,110,168.640350877193,304.0
1882,104,344.10377358490564,310.0
1883,82,200.48192771084337,332.0
1884,218,305.2391304347826,196.0
1885,31,362.258064516129,383.0
1886,114,187.9059829059829,300.0
1887,86,97.47126436781609,328.0
1888,114,210.64655172413794,300.0
1889,94,371.5625,320.0
1890,44,140.45454545454547,370.0
1891,106,164.86486486486487,308.0
1892,98,142.02970297029702,316.0
1893,117,157.64705882352942,297.0
1894,92,175.7608695652174,322.0
1895,80,240.5625,334.0
1896,187,158.72448979591837,227.0
1897,123,118.84920634920636,291.0
1898,208,280.04484304932737,206.0
1899,39,145.25641025641025,375.0
1900,101,353.91509433962267,313.0
1901,107,315.0,307.0
1902,113,174.13793103448276,301.0
1903,91,291.968085106383,323.0
1904,88,224.7159090909091,326.0
1905,73,257.8378378378378,341.0
1906,99,237.67676767676767,315.0
1907,39,182.5609756097561,375.0
1908,102,118.17307692307692,312.0
1909,181,119.1891891891892,233.0
1910,81,273.4756097560976,333.0
1911,245,205.35315985130111,169.0
1912,105,99.80952380952381,309.0
1913,38,141.05263157894737,376.0
1914,243,284.7940074906367,171.0
1915,140,99.75862068965517,274.0
1916,56,262.23214285714283,358.0
1917,49,128.46938775510205,365.0
1918,124,262.2265625,290.0
1919,113,118.82608695652173,301.0
1920,146,133.25503355704697,268.0
1921,272,137.04301075268816,142.0
1922,258,182.12121212121212,156.0
1923,60,238.6290322580645,354.0
1924,77,307.65822784810126,337.0
1925,74,109.25675675675676,340.0
1926,59,195.5084745762712,355.0
1927,284,310.06920415224914,131.0
1928,244,328.43373493975906,170.0
1929,454,319.79125248508944,28.0
1930,80,223.84146341463415,334.0
1931,50,182.9,364.0
1932,88,227.58426966292134,326.0
1933,52,269.71153846153845,362.0
1934,399,387.5365853658537,47.0
1935,61,152.62295081967213,353.0
1936,185,363.7096774193548,229.0
1937,72,357.8082191780822,342.0
1938,88,222.72727272727272,326.0
1939,63,247.14285714285714,351.0
1940,52,223.55769230769232,362.0
1941,192,348.3756345177665,222.0
1942,278,335.3378378378378,137.0
1943,180,106.29032258064517,234.0
1944,41,308.780487804878,373.0
1945,56,233.57142857142858,358.0
1946,141,357.99319727891157,273.0
1947,179,287.4590163934426,235.0
1948,192,369.6938775510204,222.0
1949,209,131.31578947368422,205.0
1950,153,150.09677419354838,261.0
1951,161,317.8703703703704,253.0
1952,56,113.03571428571429,358.0
1953,48,333.5416666666667,366.0
1954,142,256.13793103448273,272.0
1955,153,144.8136645962733,261.0
1956,148,345.6333333333333,266.0
1957,63,392.22222222222223,351.0
1958,280,116.89542483660131,135.0
1959,52,320.09615384615387,362.0
1960,160,237.71604938271605,254.0
1961,147,342.97297297297297,267.0
1962,148,291.8666666666667,266.0
1963,257,367.9580152671756,157.0
1964,299,131.77316293929712,116.0
1965,286,212.9322033898305,129.0
1966,82,195.97560975609755,332.0
1967,76,248.8815789473684,338.0
1968,452,377.48434237995826,30.0
1969,260,396.2686567164179,154.0
1970,70,265.2857142857143,344.0
1971,313,363.578125,103.0
1972,309,347.13607594936707,107.0
1973,147,241.35761589403972,267.0
1974,330,383.82697947214075,91.0
1975,275,366.7615658362989,139.0
1976,267,219.794776119403,147.0
1977,72,306.43835616438355,342.0
1978,253,162.32824427480915,161.0
1979,72,300.0,342.0
1980,145,176.82432432432432,269.0
1981,175,165.5084745762712,239.0
1982,191,182.25641025641025,223.0
1983,381,315.24484536082474,61.0
1984,168,385.0,246.0
1985,77,325.45454545454544,337.0
1986,76,179.67532467532467,338.0
1987,289,471.67241379310343,126.0
1988,202,378.22966507177034,212.0
1989,80,267.625,334.0
1990,185,297.1808510638298,229.0
1991,198,356.29901960784315,216.0
1992,355,272.9781420765027,76.0
1993,200,391.29353233830847,214.0
1994,71,255.34722222222223,343.0
1995,383,322.50611246943765,59.0
1996,538,175.67545304777596,12.0
1997,191,230.78680203045684,223.0
1998,72,213.75,342.0
1999,170,328.66279069767444,244.0
2000,185,404.13157894736844,229.0
2001,149,242.3684210526316,265.0
2002,244,466.16731517509726,170.0
2003,69,398.9130434782609,345.0
2004,136,401.81159420289856,278.0
2005,128,225.07462686567163,286.0
2006,145,218.6734693877551,269.0
2007,44,402.84090909090907,370.0
2008,88,238.77777777777777,326.0
2009,240,444.58984375,174.0
2010,135,343.8321167883212,279.0
2011,190,376.3959390862944,224.0
2012,35,363.0,379.0
2013,134,367.6449275362319,280.0
2014,124,319.9212598425197,290.0
2015,36,285.97222222222223,378.0
2016,130,266.37404580152673,284.0
2017,89,462.4731182795699,325.0
2018,112,164.56140350877192,302.0
2019,136,326.75,278.0
2020,37,239.72972972972974,377.0
2021,283,288.7370242214533,132.0
2022,146,281.0810810810811,268.0
2023,324,169.6319018404908,95.0
2024,508,281.500904159132,17.0
2025,134,195.65217391304347,280.0
2026,133,95.91240875912409,281.0
2027,85,330.2352941176471,329.0
2028,293,292.190635451505,122.0
2029,262,305.45454545454544,152.0
2030,292,311.7704918032787,123.0
2031,303,211.60714285714286,113.0
2032,258,384.3018867924528,156.0
2033,88,301.47727272727275,326.0
2034,143,108.1118881118881,271.0
2035,259,168.206106870229,155.0
2036,87,197.27272727272728,327.0
2037,467,218.66935483870967,25.0
2038,151,163.57615894039736,263.0
2039,291,217.17905405405406,124.0
2040,78,257.43589743589746,336.0
2041,205,220.98086124401914,209.0
2042,205,464.44444444444446,209.0
2043,372,236.725,65.0
2044,177,195.75,237.0
2045,67,296.56716417910445,347.0
2046,180,397.59562841530055,234.0
2047,192,133.98477157360406,222.0
2048,201,227.62254901960785,213.0
2049,271,327.619926199262,143.0
2050,156,311.2422360248447,258.0
2051,187,465.859375,227.0
2052,214,227.7906976744186,200.0
2053,409,276.41355140186914,42.0
2054,206,392.87735849056605,208.0
2055,170,201.16959064327486,244.0
2056,81,250.55555555555554,333.0
2057,231,207.29787234042553,183.0
2058,196,181.73170731707316,218.0
2059,172,223.56741573033707,242.0
2060,190,236.6580310880829,224.0
2061,48,226.04166666666666,366.0
2062,39,187.94871794871796,375.0
2063,121,199.88095238095238,293.0
2064,264,280.31954887218046,150.0
2065,256,436.20754716981133,158.0
2066,41,246.09756097560975,373.0
2067,203,405.2262443438914,211.0
2068,33,167.27272727272728,381.0
2069,45,347.2826086956522,369.0
2070,126,289.2063492063492,288.0
2071,42,123.57142857142857,372.0
2072,99,288.96039603960395,315.0
2073,202,144.85576923076923,212.0
2074,35,127.71428571428571,379.0
2075,42,179.04761904761904,372.0
2076,134,261.94029850746267,280.0
2077,129,256.4015151515151,285.0
2078,136,320.7931034482759,278.0
2079,90,304.2391304347826,324.0
2080,37,242.97297297297297,377.0
2081,47,233.19148936170214,367.0
2082,114,328.1140350877193,300.0
2083,131,215.29850746268656,283.0
2084,55,184.36363636363637,359.0
2085,362,272.74436090225566,71.0
2086,111,281.5625,303.0
2087,116,342.8205128205128,298.0
2088,51,212.54901960784315,363.0
2089,92,126.5625,322.0
2090,251,361.6795366795367,163.0
2091,91,367.7659574468085,323.0
2092,240,350.2173913043478,174.0
2093,237,197.98387096774192,177.0
2094,114,165.3846153846154,300.0
2095,45,199.66666666666666,369.0
2096,102,332.16346153846155,312.0
2097,251,120.17578125,163.0
2098,117,335.97457627118644,297.0
2099,108,145.45871559633028,306.0
2100,113,315.8695652173913,301.0
2101,42,211.78571428571428,372.0
2102,47,192.6595744680851,367.0
2103,33,104.6969696969697,381.0
2104,188,389.55445544554453,226.0
2105,92,226.72043010752688,322.0
2106,93,265.9375,321.0
2107,100,216.25,314.0
2108,38,162.76315789473685,376.0
2109,275,352.73026315789474,139.0
2110,189,328.8743455497382,225.0
2111,113,218.36283185840708,301.0
2112,100,109.10891089108911,314.0
2113,190,138.0597014925373,224.0
2114,33,96.32352941176471,381.0
2115,33,127.57575757575758,381.0
2116,94,330.531914893617,320.0
2117,181,130.74866310160428,233.0
2118,103,109.03846153846153,311.0
2119,120,316.85483870967744,294.0
2120,35,112.14285714285714,379.0
2121,165,199.36746987951807,249.0
2122,43,267.90697674418607,371.0
2123,35,396.57142857142856,379.0
2124,43,287.7906976744186,371.0
2125,57,214.03508771929825,357.0
2126,75,228.0,339.0
2127,193,454.12371134020617,221.0
2128,313,367.2100313479624,103.0
2129,85,272.5287356321839,329.0
2130,102,115.09708737864078,312.0
2131,76,294.86842105263156,338.0
2132,35,200.13888888888889,379.0
2133,220,297.4458874458874,194.0
2134,218,465.15765765765764,196.0
2135,54,200.1818181818182,360.0
2136,49,134.3877551020408,365.0
2137,203,438.3658536585366,211.0
2138,75,329.6,339.0
2139,322,171.92073170731706,96.0
2140,253,304.6911196911197,161.0
2141,42,261.54761904761904,372.0
2142,154,346.0967741935484,260.0
2143,276,269.63576158940396,138.0
2144,41,162.5609756097561,373.0
2145,46,354.67391304347825,368.0
2146,194,255.7828282828283,220.0
2147,225,317.31441048034935,189.0
2148,301,314.87692307692305,114.0
2149,47,380.0,367.0
2150,181,313.2795698924731,233.0
2151,67,375.67164179104475,347.0
2152,58,293.8135593220339,356.0
2153,95,289.64285714285717,319.0
2154,58,237.41666666666666,356.0
2155,175,143.14917127071823,239.0
2156,24,387.0833333333333,389.0
2157,41,167.5609756097561,373.0
2158,169,201.62857142857143,245.0
2159,73,299.3835616438356,341.0
2160,59,260.0,355.0
2161,160,332.8048780487805,254.0
2162,48,181.97916666666666,366.0
2163,41,212.3170731707317,373.0
2164,84,209.54022988505747,330.0
2165,283,138.60128617363344,132.0
2166,214,124.83796296296296,200.0
2167,43,400.5813953488372,371.0
2168,43,189.88372093023256,371.0
2169,95,311.36842105263156,319.0
2170,89,337.4725274725275,325.0
2171,51,158.17307692307693,363.0
2172,244,311.72,170.0
2173,150,394.61290322580646,264.0
2174,37,163.64864864864865,377.0
2175,45,130.33333333333334,369.0
2176,46,201.27659574468086,368.0
2177,102,306.1764705882353,312.0
2178,152,226.52866242038218,262.0
2179,247,210.97744360902254,167.0
2180,334,150.46070460704607,88.0
2181,83,332.73809523809524,331.0
2182,244,325.9552845528455,170.0
2183,228,130.27659574468086,186.0
2184,64,333.046875,350.0
2185,225,129.73684210526315,189.0
2186,167,257.1470588235294,247.0
2187,301,248.6138613861386,114.0
2188,275,168.29710144927537,139.0
2189,258,409.3632958801498,156.0
2190,77,442.9220779220779,337.0
2191,285,118.04123711340206,130.0
2192,187,192.57894736842104,227.0
2193,175,283.90449438202245,239.0
2194,312,137.4451410658307,104.0
2195,66,207.57575757575756,348.0
2196,69,427.2142857142857,345.0
2197,278,283.54895104895104,137.0
2198,294,391.16776315789474,121.0
2199,402,452.960372960373,45.0
2200,74,231.95945945945945,340.0
2201,165,385.5917159763314,249.0
2202,61,143.9516129032258,353.0
2203,117,227.85714285714286,297.0
2204,259,417.20216606498195,155.0
2205,108,474.1203703703704,306.0
2206,78,323.9102564102564,336.0
2207,131,139.62406015037595,283.0
2208,63,451.984126984127,351.0
2209,70,259.42857142857144,344.0
2210,154,144.48387096774192,260.0
2211,35,316.1111111111111,379.0
2212,36,469.07894736842104,378.0
2213,127,449.609375,287.0
2214,157,350.125,257.0
2215,126,289.21259842519686,288.0
2216,170,451.7919075144509,244.0
2217,77,203.8125,337.0
2218,136,447.35714285714283,278.0
2219,53,131.75925925925927,361.0
2220,187,418.45360824742266,227.0
2221,82,361.26506024096386,332.0
2222,228,243.135593220339,186.0
2223,59,370.50847457627117,355.0
2224,79,322.0,335.0
2225,132,344.8888888888889,282.0
2226,267,369.4043321299639,147.0
2227,242,120.29644268774703,172.0
2228,135,354.51724137931035,279.0
2229,274,381.43109540636044,140.0
2230,72,335.0,342.0
2231,143,350.8965517241379,271.0
2232,73,105.82191780821918,341.0
2233,48,213.22916666666666,366.0
2234,132,295.1459854014599,282.0
2235,261,364.1634980988593,153.0
2236,173,372.80555555555554,241.0
2237,89,97.16666666666667,325.0
2238,81,296.6470588235294,333.0
2239,53,112.0754716981132,361.0
2240,152,278.7096774193548,262.0
2241,48,132.5,366.0
2242,107,285.64220183486236,307.0
2243,129,400.2651515151515,285.0
2244,140,143.8111888111888,274.0
2245,47,257.97872340425533,367.0
2246,183,144.66145833333334,231.0
2247,227,260.9873949579832,187.0
2248,181,286.8716577540107,233.0
2249,111,266.1607142857143,303.0
2250,141,107.80141843971631,273.0
2251,118,357.375,296.0
2252,138,252.44755244755245,276.0
2253,49,317.14285714285717,365.0
2254,186,226.3031914893617,228.0
2255,164,98.36363636363636,250.0
2256,156,237.51592356687897,258.0
2257,56,116.96428571428571,358.0
2258,109,348.9732142857143,305.0
2259,80,311.6666666666667,334.0
2260,45,337.3333333333333,369.0
2261,227,129.35622317596565,187.0
2262,79,327.375,335.0
2263,585,220.31456953642385,4.0
2264,433,120.99780701754386,35.0
2265,72,129.09722222222223,342.0
2266,86,323.1609195402299,328.0
2267,74,234.13333333333333,340.0
2268,194,307.41206030150755,220.0
2269,77,240.58441558441558,337.0
2270,701,305.06418485237486,1.0
2271,77,192.27272727272728,337.0
2272,183,214.28571428571428,231.0
2273,84,180.47058823529412,330.0
2274,391,377.30120481927713,52.0
2275,91,193.1868131868132,323.0
2276,182,205.1639344262295,232.0
2277,226,277.16738197424894,188.0
2278,204,127.78048780487805,210.0
2279,190,140.12886597938143,224.0
2280,220,268.8235294117647,194.0
2281,189,108.717277486911,225.0
2282,185,388.2804232804233,229.0
2283,113,336.4347826086956,301.0
2284,78,349.0740740740741,336.0
2285,79,183.625,335.0
2286,42,127.73809523809524,372.0
2287,183,127.23684210526316,231.0
2288,164,264.3154761904762,250.0
2289,167,145.9880239520958,247.0
2290,300,196.05828220858896,115.0
2291,205,169.4902912621359,209.0
2292,51,287.6470588235294,363.0
2293,174,360.73446327683615,240.0
2294,47,307.4468085106383,367.0
2295,92,264.1847826086956,322.0
2296,187,171.484375,227.0
2297,184,333.82978723404256,230.0
2298,44,176.70454545454547,370.0
2299,192,179.54314720812184,222.0
2300,160,352.19879518072287,254.0
2301,192,316.8112244897959,222.0
2302,179,208.0810810810811,235.0
2303,232,295.2542372881356,182.0
2304,167,277.65895953757223,247.0
2305,267,304.75265017667846,147.0
2306,94,265.5263157894737,320.0
2307,47,348.51063829787233,367.0
2308,74,256.7105263157895,340.0
2309,289,420.9193548387097,126.0
2310,99,303.7864077669903,315.0
2311,156,190.40372670807454,258.0
2312,182,405.2162162162162,232.0
2313,167,337.4556213017751,247.0
2314,138,173.61702127659575,276.0
2315,102,397.2549019607843,312.0
2316,77,174.87179487179486,337.0
2317,136,435.036496350365,278.0
2318,60,157.75,354.0
2319,171,387.48571428571427,243.0
2320,175,176.57303370786516,239.0
2321,104,256.58653846153845,310.0
2322,58,295.17241379310343,356.0
2323,404,183.19174757281553,44.0
2324,51,180.98039215686273,363.0
2325,269,374.8188405797101,145.0
2326,167,264.5639534883721,247.0
2327,89,210.3846153846154,325.0
2328,90,328.68131868131866,324.0
2329,146,210.65359477124184,268.0
2330,67,162.76119402985074,347.0
2331,166,284.82456140350877,248.0
2332,378,155.46511627906978,62.0
2333,161,283.3841463414634,253.0
2334,282,102.73178807947019,133.0
2335,206,304.1504854368932,208.0
2336,83,213.55421686746988,331.0
2337,89,373.05555555555554,325.0
2338,135,211.231884057971,279.0
2339,51,336.1764705882353,363.0
2340,164,300.20958083832335,250.0
2341,114,272.0258620689655,300.0
2342,98,280.95959595959596,316.0
2343,36,214.72222222222223,378.0
2344,133,166.25,281.0
2345,120,155.1953125,294.0
2346,351,274.2139175257732,80.0
2347,47,335.4255319148936,367.0
2348,249,376.9322709163347,165.0
2349,106,201.2037037037037,308.0
2350,136,159.17857142857142,278.0
2351,133,170.14705882352942,281.0
2352,110,367.92035398230087,304.0
2353,167,281.94610778443115,247.0
2354,91,308.02197802197804,323.0
2355,229,238.98305084745763,185.0
2356,47,246.875,367.0
2357,122,120.96,292.0
2358,43,345.5813953488372,371.0
2359,244,370.45098039215685,170.0
2360,89,150.65934065934067,325.0
2361,63,343.125,351.0
2362,107,275.9633027522936,307.0
2363,92,131.8279569892473,322.0
2364,174,117.68156424581005,240.0
2365,229,290.6465517241379,185.0
2366,161,257.2085889570552,253.0
2367,101,166.84466019417476,313.0
2368,150,347.36842105263156,264.0
2369,197,114.31818181818181,217.0
2370,188,312.0769230769231,226.0
2371,65,303.2307692307692,349.0
2372,108,222.75229357798165,306.0
2373,297,254.73186119873816,118.0
2374,230,256.54811715481173,184.0
2375,312,315.1524390243902,104.0
2376,247,98.56862745098039,167.0
2377,59,270.8474576271187,355.0
2378,159,117.45398773006134,255.0
2379,113,373.42105263157896,301.0
2380,267,109.5985401459854,147.0
2381,84,320.5952380952381,330.0
2382,147,364.56666666666666,267.0
2383,168,300.02941176470586,246.0
2384,135,99.16666666666667,279.0
2385,87,230.17045454545453,327.0
2386,175,287.47222222222223,239.0
2387,123,349.0551181102362,291.0
2388,176,341.3068181818182,238.0
2389,207,229.92857142857142,207.0
2390,44,295.79545454545456,370.0
2391,45,303.1111111111111,369.0
2392,137,206.4388489208633,277.0
2393,133,164.92857142857142,281.0
2394,120,158.78048780487805,294.0
2395,85,97.5,329.0
2396,285,101.73139158576052,130.0
2397,84,237.61904761904762,330.0
2398,176,194.3296089385475,238.0
2399,130,324.1923076923077,284.0
2400,141,224.61805555555554,273.0
2401,210,229.65116279069767,204.0
2402,210,229.95260663507108,204.0
2403,357,214.3359375,75.0
2404,57,335.17241379310343,357.0
2405,48,232.8125,366.0
2406,176,131.0164835164835,238.0
2407,79,216.35802469135803,335.0
2408,245,100.84645669291339,169.0
2409,152,144.36708860759492,262.0
2410,83,298.0120481927711,331.0
2411,161,349.07975460122697,253.0
2412,328,300.9550561797753,92.0
2413,162,307.8443113772455,252.0
2414,86,276.37931034482756,328.0
2415,82,248.3132530120482,332.0
2416,75,301.06666666666666,339.0
2417,162,140.20958083832335,252.0
2418,76,151.03896103896105,338.0
2419,162,160.42424242424244,252.0
2420,85,181.80232558139534,329.0
2421,240,287.8656126482214,174.0
2422,111,232.32142857142858,303.0
2423,110,172.7433628318584,304.0
2424,324,121.24251497005989,95.0
2425,132,382.23880597014926,282.0
2426,122,106.44,292.0
2427,46,307.9347826086956,368.0
2428,103,105.8252427184466,311.0
2429,212,159.32242990654206,202.0
2430,223,197.92576419213975,191.0
2431,47,349.0425531914894,367.0
2432,44,236.41304347826087,370.0
2433,107,164.58333333333334,307.0
2434,39,341.02564102564105,375.0
2435,125,342.6953125,289.0
2436,38,187.23684210526315,376.0
2437,353,262.8512396694215,78.0
2438,151,320.22727272727275,263.0
2439,112,315.2212389380531,302.0
2440,50,182.4,364.0
2441,283,384.7557003257329,132.0
2442,127,154.50757575757575,287.0
2443,64,281.796875,350.0
2444,164,183.6144578313253,250.0
2445,132,239.15441176470588,282.0
2446,151,167.23684210526315,263.0
2447,155,202.34567901234567,259.0
2448,53,150.66037735849056,361.0
2449,110,264.73214285714283,304.0
2450,169,220.98837209302326,245.0
2451,96,215.40816326530611,318.0
2452,132,291.1194029850746,282.0
2453,281,105.26936026936026,134.0
2454,149,178.1045751633987,265.0
2455,274,114.41176470588235,140.0
2456,50,184.7,364.0
2457,61,111.85483870967742,353.0
2458,150,199.20529801324503,264.0
2459,146,294.16107382550337,268.0
2460,124,357.08,290.0
2461,224,128.5042735042735,190.0
2462,176,408.3806818181818,238.0
2463,251,321.2068965517241,163.0
2464,66,319.8484848484849,348.0
2465,77,345.7142857142857,337.0
2466,43,286.04651162790697,371.0
2467,85,337.2352941176471,329.0
2468,293,314.4,122.0
2469,96,250.36082474226805,318.0
2470,48,403.9583333333333,366.0
2471,71,378.59154929577466,343.0
2472,366,130.37220843672458,69.0
2473,74,280.19736842105266,340.0
2474,198,300.97014925373134,216.0
2475,63,161.5873015873016,351.0
2476,45,364.1111111111111,369.0
2477,60,364.1666666666667,354.0
2478,202,138.30143540669857,212.0
2479,220,358.78923766816143,194.0
2480,53,448.58490566037733,361.0
2481,59,153.5,355.0
2482,159,470.8787878787879,255.0
2483,72,341.4,342.0
2484,169,188.62573099415204,245.0
2485,83,427.04819277108436,331.0
2486,102,288.4466019417476,312.0
2487,157,209.44444444444446,257.0
2488,135,176.39705882352942,279.0
2489,177,376.6949152542373,237.0
2490,148,158.35526315789474,266.0
2491,130,427.6691729323308,284.0
2492,144,117.61904761904762,270.0
2493,90,361.5217391304348,324.0
2494,155,313.9240506329114,259.0
2495,89,202.14285714285714,325.0
2496,289,323.34983498349834,126.0
2497,89,116.26373626373626,325.0
2498,147,115.06666666666666,267.0
2499,273,240.20618556701032,141.0
2500,147,225.2980132450331,267.0
2501,265,397.859778597786,149.0
2502,188,266.6223404255319,226.0
2503,50,282.54901960784315,364.0
2504,271,401.35869565217394,143.0
2505,80,373.125,334.0
2506,81,242.91666666666666,333.0
2507,194,108.2994923857868,220.0
2508,41,236.54761904761904,373.0
2509,60,365.8333333333333,354.0
2510,88,291.1363636363636,326.0
2511,262,184.52380952380952,152.0
2512,55,204.45454545454547,359.0
2513,314,292.47774480712167,102.0
2514,81,158.49397590361446,333.0
2515,62,217.90322580645162,352.0
2516,74,275.39473684210526,340.0
2517,82,349.69879518072287,332.0
2518,142,313.2867132867133,272.0
2519,185,347.96791443850265,229.0
2520,322,281.9881305637982,96.0
2521,140,100.65517241379311,274.0
2522,258,173.5326086956522,156.0
2523,147,393.2119205298013,267.0
2524,142,241.74825174825176,272.0
2525,67,189.26470588235293,347.0
2526,78,222.30769230769232,336.0
2527,47,123.61702127659575,367.0
2528,174,154.51149425287358,240.0
2529,84,383.94117647058823,330.0
2530,112,171.34782608695653,302.0
2531,138,200.0344827586207,276.0
2532,269,181.3898916967509,145.0
2533,71,244.02777777777777,343.0
2534,73,250.66666666666666,341.0
2535,71,334.7916666666667,343.0
2536,126,354.76377952755905,288.0
2537,243,397.58,171.0
2538,250,363.4117647058824,164.0
2539,197,133.502538071066,217.0
2540,78,165.5625,336.0
2541,249,161.29482071713147,165.0
2542,63,134.6875,351.0
2543,60,196.63934426229508,354.0
2544,48,134.375,366.0
2545,358,163.873417721519,74.0
2546,63,296.171875,351.0
2547,91,168.73626373626374,323.0
2548,190,291.3131313131313,224.0
2549,303,118.31288343558282,113.0
2550,187,252.74869109947645,227.0
2551,51,296.8627450980392,363.0
2552,50,169.8,364.0
2553,200,139.9757281553398,214.0
2554,45,372.8888888888889,369.0
2555,234,199.75103734439833,180.0
2556,82,261.11764705882354,332.0
2557,214,314.0509259259259,200.0
2558,95,121.45833333333333,319.0
2559,46,242.82608695652175,368.0
2560,78,392.05128205128204,336.0
2561,145,369.1156462585034,269.0
2562,248,150.35433070866142,166.0
2563,382,181.49367088607596,60.0
2564,143,341.3448275862069,271.0
2565,102,239.27884615384616,312.0
2566,141,446.9791666666667,273.0
2567,415,232.14285714285714,38.0
2568,94,406.57894736842104,320.0
2569,263,258.5820895522388,151.0
2570,266,256.8181818181818,148.0
2571,450,157.33766233766235,31.0
2572,294,115.38333333333334,121.0
2573,165,223.03030303030303,249.0
2574,141,246.36363636363637,273.0
2575,88,399.77272727272725,326.0
2576,94,314.05263157894734,320.0
2577,476,267.4901185770751,22.0
2578,283,210.9966216216216,132.0
2579,691,453.2483660130719,2.0
2580,77,306.79487179487177,337.0
2581,139,331.42857142857144,275.0
2582,51,356.27450980392155,363.0
2583,127,196.7175572519084,287.0
2584,129,217.5968992248062,285.0
2585,94,122.04081632653062,320.0
2586,49,167.55102040816325,365.0
2587,53,189.16666666666666,361.0
2588,266,100.17006802721089,148.0
2589,41,347.8048780487805,373.0
2590,89,104.32584269662921,325.0
2591,199,353.98514851485146,215.0
2592,146,178.3108108108108,268.0
2593,189,267.53968253968253,225.0
2594,148,171.43333333333334,266.0
2595,138,268.7769784172662,276.0
2596,138,308.1914893617021,276.0
2597,167,240.69767441860466,247.0
2598,86,138.5632183908046,328.0
2599,143,97.51724137931035,271.0
2600,140,335.8098591549296,274.0
2601,85,207.4712643678161,329.0
2602,53,116.94444444444444,361.0
2603,60,247.58333333333334,354.0
2604,91,231.4673913043478,323.0
2605,51,304.9019607843137,363.0
2606,195,354.64646464646466,219.0
2607,41,185.95238095238096,373.0
2608,92,201.18279569892474,322.0
2609,53,285.0943396226415,361.0
2610,352,160.36363636363637,79.0
2611,95,120.36842105263158,319.0
2612,306,159.28353658536585,110.0
2613,60,196.25,354.0
2614,253,363.5077519379845,161.0
2615,184,224.3193717277487,230.0
2616,165,349.8546511627907,249.0
2617,247,258.3399209486166,167.0
2618,37,302.1621621621622,377.0
2619,166,166.9526627218935,248.0
2620,151,243.72549019607843,263.0
2621,93,191.75531914893617,321.0
2622,125,385.27777777777777,289.0
2623,83,298.1547619047619,331.0
2624,96,121.36363636363636,318.0
2625,244,274.7104247104247,170.0
2626,117,154.45833333333334,297.0
2627,106,239.3181818181818,308.0
2628,143,254.65034965034965,271.0
2629,130,193.90151515151516,284.0
2630,141,260.88028169014086,273.0
2631,176,98.9010989010989,238.0
2632,142,212.22602739726028,272.0
2633,147,296.35135135135135,267.0
2634,46,131.7391304347826,368.0
2635,92,200.86021505376345,322.0
2636,102,282.76190476190476,312.0
2637,92,286.0326086956522,322.0
2638,38,151.18421052631578,376.0
2639,76,241.8181818181818,338.0
2640,88,157.0879120879121,326.0
2641,254,277.41444866920153,160.0
2642,164,133.125,250.0
2643,270,172.76978417266187,144.0
2644,159,290.5828220858896,255.0
2645,95,194.6969696969697,319.0
2646,99,219.8,315.0
2647,162,292.4404761904762,252.0
2648,87,324.375,327.0
2649,177,217.19444444444446,237.0
2650,253,131.65413533834587,161.0
2651,286,148.88349514563106,129.0
2652,166,364.2647058823529,248.0
2653,51,114.32692307692308,363.0
2654,66,152.12121212121212,348.0
2655,54,308.3333333333333,360.0
2656,90,191.38888888888889,324.0
2657,287,252.28040540540542,128.0
2658,115,170.17094017094018,299.0
2659,220,114.48198198198199,194.0
2660,55,172.54545454545453,359.0
2661,47,315.2083333333333,367.0
2662,139,220.03571428571428,275.0
2663,130,137.5,284.0
2664,48,97.65306122448979,366.0
2665,141,404.58620689655174,273.0
2666,86,102.55813953488372,328.0
2667,129,367.36842105263156,285.0
2668,261,203.53383458646616,153.0
2669,95,341.05263157894734,319.0
2670,99,250.05,315.0
2671,45,175.88888888888889,369.0
2672,57,265.70175438596493,357.0
2673,255,329.46564885496184,159.0
2674,253,246.93014705882354,161.0
2675,47,225.85106382978722,367.0
2676,136,365.0354609929078,278.0
2677,98,212.70408163265307,316.0
2678,202,218.5781990521327,212.0
2679,234,263.01255230125525,180.0
2680,262,267.48201438848923,152.0
2681,150,346.94805194805195,264.0
2682,164,265.7100591715976,250.0
2683,161,280.35928143712573,253.0
2684,115,197.6639344262295,299.0
2685,107,129.48598130841123,307.0
2686,47,322.6041666666667,367.0
2687,268,152.82006920415225,146.0
2688,79,114.75308641975309,335.0
2689,192,276.83937823834196,222.0
2690,40,132.1951219512195,374.0
2691,260,116.96428571428571,154.0
2692,165,262.72189349112426,249.0
2693,128,150.0,286.0
2694,41,395.609756097561,373.0
2695,130,103.05343511450381,284.0
2696,115,339.017094017094,299.0
2697,137,323.2269503546099,277.0
2698,142,307.3154362416107,272.0
2699,141,241.8181818181818,273.0
2700,53,263.49056603773585,361.0
2701,140,124.29577464788733,274.0
2702,140,274.72222222222223,274.0
2703,74,204.1891891891892,340.0
2704,152,354.45859872611464,262.0
2705,79,317.0121951219512,335.0
2706,123,161.0236220472441,291.0
2707,33,352.42424242424244,381.0
2708,238,143.7,176.0
2709,46,304.2391304347826,368.0
2710,142,263.2291666666667,272.0
2711,132,133.33333333333334,282.0
2712,92,379.5108695652174,322.0
2713,151,292.5657894736842,263.0
2714,140,215.52447552447552,274.0
2715,147,189.5578231292517,267.0
2716,68,126.30434782608695,346.0
2717,45,230.0,369.0
2718,147,244.6979865771812,267.0
2719,172,132.87709497206703,242.0
2720,57,288.2456140350877,357.0
2721,99,124.7,315.0
2722,84,342.58620689655174,330.0
2723,164,251.8154761904762,250.0
2724,200,395.6067961165049,214.0
2725,111,270.0,303.0
2726,239,286.0546875,175.0
2727,192,260.97938144329896,222.0
2728,142,109.55172413793103,272.0
2729,61,219.672131147541,353.0
2730,174,153.2,240.0
2731,199,114.8019801980198,215.0
2732,142,239.75694444444446,272.0
2733,55,228.57142857142858,359.0
2734,45,381.8478260869565,369.0
2735,120,363.23770491803276,294.0
2736,153,342.7564102564103,261.0
2737,44,385.1111111111111,370.0
2738,185,386.43617021276594,229.0
2739,44,160.9090909090909,370.0
2740,197,399.828431372549,217.0
2741,254,269.39622641509436,160.0
2742,275,108.6842105263158,139.0
2743,119,344.07563025210084,295.0
2744,74,356.4864864864865,340.0
2745,56,370.96491228070175,358.0
2746,241,171.6265060240964,173.0
2747,108,164.954128440367,306.0
2748,242,372.165991902834,172.0
2749,103,202.57142857142858,311.0
2750,80,116.625,334.0
2751,71,140.2112676056338,343.0
2752,240,386.1178861788618,174.0
2753,225,252.78969957081546,189.0
2754,262,162.06642066420665,152.0
2755,400,218.27188940092165,46.0
2756,226,363.31140350877195,188.0
2757,60,187.37704918032787,354.0
2758,58,119.15254237288136,356.0
2759,72,252.8,342.0
2760,253,241.38257575757575,161.0
2761,594,233.21603927986908,3.0
2762,87,283.6363636363636,327.0
2763,103,106.25,311.0
2764,93,386.6489361702128,321.0
2765,90,286.4130434782609,324.0
2766,42,354.64285714285717,372.0
2767,55,246.0909090909091,359.0
2768,117,327.56302521008405,297.0
2769,219,374.1371681415929,195.0
2770,168,196.65680473372782,246.0
2771,94,96.5979381443299,320.0
2772,110,213.08035714285714,304.0
2773,119,133.30645161290323,295.0
2774,76,228.29113924050634,338.0
2775,102,386.9811320754717,312.0
2776,100,235.38834951456312,314.0
2777,257,205.37037037037038,157.0
2778,43,109.30232558139535,371.0
2779,73,210.41095890410958,341.0
2780,76,106.2987012987013,338.0
2781,221,270.33185840707966,193.0
2782,276,473.03508771929825,138.0
2783,299,446.00993377483445,116.0
2784,280,187.34154929577466,135.0
2785,269,376.82971014492756,145.0
2786,192,444.3181818181818,222.0
2787,441,290.1705756929638,33.0
2788,314,373.69426751592357,102.0
2789,216,342.84444444444443,198.0
2790,396,149.42118226600985,49.0
2791,279,225.67708333333334,136.0
2792,83,412.7710843373494,331.0
2793,189,193.72395833333334,225.0
2794,208,318.3098591549296,206.0
2795,218,397.85067873303166,196.0
2796,87,283.76404494382024,327.0
2797,96,338.90625,318.0
2798,215,191.34259259259258,199.0
2799,82,334.6951219512195,332.0
2800,203,245.0,211.0
